pkey,subkey,augment,augmentProfile,input,generate,contextDict,expoutput,inputDict
surabhigupta#Deliverable 2A#ChatGPT2,1#0,FALSE,,"What is the industrial Revolution?
",FALSE,"{'OS': 'Windows', 'Browser': 'Chrome', 'User Type': 'Student'}","{'Industrial Revolution.What': 'Pass', 'Industrial Revolution.When': 'Pass', 'Industrial Revolution.Who': 'Pass', 'Industrial Revolution.Where': 'Pass'}",{'Industrial Revolution': 'Who'}
surabhigupta#Deliverable 2A#ChatGPT2,1#1,TRUE,"{'method': 'random word swap', 'subkey': '1#0'}",What Revolution? the industrial is,TRUE,"{'OS': 'Windows', 'Browser': 'Chrome', 'User Type': 'Student'}","{'Industrial Revolution.What': 'Pass', 'Industrial Revolution.When': 'Pass', 'Industrial Revolution.Who': 'Pass', 'Industrial Revolution.Where': 'Pass'}",{'Industrial Revolution': 'Who'}
surabhigupta#Deliverable 2A#ChatGPT2,1#2,TRUE,"{'method': 'random word delete', 'subkey': '1#0'}",is the Revolution?,TRUE,"{'OS': 'Windows', 'Browser': 'Chrome', 'User Type': 'Student'}","{'Industrial Revolution.What': 'Pass', 'Industrial Revolution.When': 'Pass', 'Industrial Revolution.Who': 'Pass', 'Industrial Revolution.Where': 'Pass'}",{'Industrial Revolution': 'Who'}
surabhigupta#Deliverable 2A#ChatGPT2,1#3,TRUE,"{'method': 'random word insert', 'subkey': '1#0'}",What is the industrial Revolution?,TRUE,"{'OS': 'Windows', 'Browser': 'Chrome', 'User Type': 'Student'}","{'Industrial Revolution.What': 'Pass', 'Industrial Revolution.When': 'Pass', 'Industrial Revolution.Who': 'Pass', 'Industrial Revolution.Where': 'Pass'}",{'Industrial Revolution': 'Who'}
surabhigupta#Deliverable 2A#ChatGPT2,1#4,TRUE,"{'method': 'random char insert', 'subkey': '1#0'}",WhPat is the industrial Revolution?,TRUE,"{'OS': 'Windows', 'Browser': 'Chrome', 'User Type': 'Student'}","{'Industrial Revolution.What': 'Pass', 'Industrial Revolution.When': 'Pass', 'Industrial Revolution.Who': 'Pass', 'Industrial Revolution.Where': 'Pass'}",{'Industrial Revolution': 'Who'}
surabhigupta#Deliverable 2A#ChatGPT2,1#5,TRUE,"{'method': 'synonym augmentation', 'subkey': '1#0'}",What is the industrial Revolution?,TRUE,"{'OS': 'Windows', 'Browser': 'Chrome', 'User Type': 'Student'}","{'Industrial Revolution.What': 'Pass', 'Industrial Revolution.When': 'Pass', 'Industrial Revolution.Who': 'Pass', 'Industrial Revolution.Where': 'Pass'}",{'Industrial Revolution': 'Who'}
surabhigupta#Deliverable 2A#ChatGPT2,1#6,TRUE,"{'method': 'ocr augmentation', 'subkey': '1#0'}",What i8 the industrial Revolution?,TRUE,"{'OS': 'Windows', 'Browser': 'Chrome', 'User Type': 'Student'}","{'Industrial Revolution.What': 'Pass', 'Industrial Revolution.When': 'Pass', 'Industrial Revolution.Who': 'Pass', 'Industrial Revolution.Where': 'Pass'}",{'Industrial Revolution': 'Who'}
surabhigupta#Deliverable 2A#ChatGPT2,1#7,TRUE,"{'method': 'keyboard augmentation', 'subkey': '1#0'}",What is the industrial Revol8Yi8n?,TRUE,"{'OS': 'Windows', 'Browser': 'Chrome', 'User Type': 'Student'}","{'Industrial Revolution.What': 'Pass', 'Industrial Revolution.When': 'Pass', 'Industrial Revolution.Who': 'Pass', 'Industrial Revolution.Where': 'Pass'}",{'Industrial Revolution': 'Who'}
surabhigupta#Deliverable 2A#ChatGPT2,1#8,TRUE,"{'method': 'random char swap', 'subkey': '1#0'}",What is the industrial Revoluoitn?,TRUE,"{'OS': 'Windows', 'Browser': 'Chrome', 'User Type': 'Student'}","{'Industrial Revolution.What': 'Pass', 'Industrial Revolution.When': 'Pass', 'Industrial Revolution.Who': 'Pass', 'Industrial Revolution.Where': 'Pass'}",{'Industrial Revolution': 'Who'}
surabhigupta#Deliverable 2A#ChatGPT2,1#9,TRUE,"{'method': 'random char delete', 'subkey': '1#0'}",What is the idusril Revolution?,TRUE,"{'OS': 'Windows', 'Browser': 'Chrome', 'User Type': 'Student'}","{'Industrial Revolution.What': 'Pass', 'Industrial Revolution.When': 'Pass', 'Industrial Revolution.Who': 'Pass', 'Industrial Revolution.Where': 'Pass'}",{'Industrial Revolution': 'Who'}
surabhigupta#Deliverable 2A#ChatGPT2,10#0,FALSE,,Who started the industrial revolution?,FALSE,"{'OS': 'Windows', 'Browser': 'Bing', 'User Type': 'Student'}","{'Industrial Revolution.What': 'Pass', 'Industrial Revolution.When': 'Pass', 'Industrial Revolution.Who': 'Fail', 'Industrial Revolution.Where': 'Pass'}",{'Industrial Revolution': 'What'}
surabhigupta#Deliverable 2A#ChatGPT2,10#1,TRUE,"{'method': 'random word swap', 'subkey': '10#0'}",Who revolution? the industrial started,TRUE,"{'OS': 'Windows', 'Browser': 'Bing', 'User Type': 'Student'}","{'Industrial Revolution.What': 'Pass', 'Industrial Revolution.When': 'Pass', 'Industrial Revolution.Who': 'Fail', 'Industrial Revolution.Where': 'Pass'}",{'Industrial Revolution': 'What'}
surabhigupta#Deliverable 2A#ChatGPT2,10#2,TRUE,"{'method': 'random word delete', 'subkey': '10#0'}",started the revolution?,TRUE,"{'OS': 'Windows', 'Browser': 'Bing', 'User Type': 'Student'}","{'Industrial Revolution.What': 'Pass', 'Industrial Revolution.When': 'Pass', 'Industrial Revolution.Who': 'Fail', 'Industrial Revolution.Where': 'Pass'}",{'Industrial Revolution': 'What'}
surabhigupta#Deliverable 2A#ChatGPT2,10#3,TRUE,"{'method': 'random word insert', 'subkey': '10#0'}",Who started the industrial embark on revolution?,TRUE,"{'OS': 'Windows', 'Browser': 'Bing', 'User Type': 'Student'}","{'Industrial Revolution.What': 'Pass', 'Industrial Revolution.When': 'Pass', 'Industrial Revolution.Who': 'Fail', 'Industrial Revolution.Where': 'Pass'}",{'Industrial Revolution': 'What'}
surabhigupta#Deliverable 2A#ChatGPT2,10#4,TRUE,"{'method': 'synonym augmentation', 'subkey': '10#0'}",World health organization started the industrial revolution?,TRUE,"{'OS': 'Windows', 'Browser': 'Bing', 'User Type': 'Student'}","{'Industrial Revolution.What': 'Pass', 'Industrial Revolution.When': 'Pass', 'Industrial Revolution.Who': 'Fail', 'Industrial Revolution.Where': 'Pass'}",{'Industrial Revolution': 'What'}
surabhigupta#Deliverable 2A#ChatGPT2,10#5,TRUE,"{'method': 'ocr augmentation', 'subkey': '10#0'}",Wh0 started the industrial revolution?,TRUE,"{'OS': 'Windows', 'Browser': 'Bing', 'User Type': 'Student'}","{'Industrial Revolution.What': 'Pass', 'Industrial Revolution.When': 'Pass', 'Industrial Revolution.Who': 'Fail', 'Industrial Revolution.Where': 'Pass'}",{'Industrial Revolution': 'What'}
surabhigupta#Deliverable 2A#ChatGPT2,10#6,TRUE,"{'method': 'keyboard augmentation', 'subkey': '10#0'}",Who started the ihd Tsteial revolution?,TRUE,"{'OS': 'Windows', 'Browser': 'Bing', 'User Type': 'Student'}","{'Industrial Revolution.What': 'Pass', 'Industrial Revolution.When': 'Pass', 'Industrial Revolution.Who': 'Fail', 'Industrial Revolution.Where': 'Pass'}",{'Industrial Revolution': 'What'}
surabhigupta#Deliverable 2A#ChatGPT2,10#7,TRUE,"{'method': 'random char insert', 'subkey': '10#0'}",Who started the Nindustrdiail revolution?,TRUE,"{'OS': 'Windows', 'Browser': 'Bing', 'User Type': 'Student'}","{'Industrial Revolution.What': 'Pass', 'Industrial Revolution.When': 'Pass', 'Industrial Revolution.Who': 'Fail', 'Industrial Revolution.Where': 'Pass'}",{'Industrial Revolution': 'What'}
surabhigupta#Deliverable 2A#ChatGPT2,10#8,TRUE,"{'method': 'random char swap', 'subkey': '10#0'}",Who started the nidustrial revolution?,TRUE,"{'OS': 'Windows', 'Browser': 'Bing', 'User Type': 'Student'}","{'Industrial Revolution.What': 'Pass', 'Industrial Revolution.When': 'Pass', 'Industrial Revolution.Who': 'Fail', 'Industrial Revolution.Where': 'Pass'}",{'Industrial Revolution': 'What'}
surabhigupta#Deliverable 2A#ChatGPT2,10#9,TRUE,"{'method': 'random char delete', 'subkey': '10#0'}",Who started the ndstril revolution?,TRUE,"{'OS': 'Windows', 'Browser': 'Bing', 'User Type': 'Student'}","{'Industrial Revolution.What': 'Pass', 'Industrial Revolution.When': 'Pass', 'Industrial Revolution.Who': 'Fail', 'Industrial Revolution.Where': 'Pass'}",{'Industrial Revolution': 'What'}
surabhigupta#Deliverable 2A#ChatGPT2,11#0,FALSE,,What are some inventions from the industrial revolution?,FALSE,"{'OS': 'Windows', 'Browser': 'Bing', 'User Type': 'Student'}","{'Industrial Revolution.What': 'Pass', 'Industrial Revolution.When': 'Pass', 'Industrial Revolution.Who': 'Fail', 'Industrial Revolution.Where': 'Pass'}",{'Industrial Revolution': 'Where'}
surabhigupta#Deliverable 2A#ChatGPT2,11#1,TRUE,"{'method': 'random word swap', 'subkey': '11#0'}",What some are inventions from the industrial revolution?,TRUE,"{'OS': 'Windows', 'Browser': 'Bing', 'User Type': 'Student'}","{'Industrial Revolution.What': 'Pass', 'Industrial Revolution.When': 'Pass', 'Industrial Revolution.Who': 'Fail', 'Industrial Revolution.Where': 'Pass'}",{'Industrial Revolution': 'Where'}
surabhigupta#Deliverable 2A#ChatGPT2,11#2,TRUE,"{'method': 'random word delete', 'subkey': '11#0'}",are some from the industrial revolution?,TRUE,"{'OS': 'Windows', 'Browser': 'Bing', 'User Type': 'Student'}","{'Industrial Revolution.What': 'Pass', 'Industrial Revolution.When': 'Pass', 'Industrial Revolution.Who': 'Fail', 'Industrial Revolution.Where': 'Pass'}",{'Industrial Revolution': 'Where'}
surabhigupta#Deliverable 2A#ChatGPT2,11#3,TRUE,"{'method': 'random word insert', 'subkey': '11#0'}",What invention are some inventions from the industrial revolution?,TRUE,"{'OS': 'Windows', 'Browser': 'Bing', 'User Type': 'Student'}","{'Industrial Revolution.What': 'Pass', 'Industrial Revolution.When': 'Pass', 'Industrial Revolution.Who': 'Fail', 'Industrial Revolution.Where': 'Pass'}",{'Industrial Revolution': 'Where'}
surabhigupta#Deliverable 2A#ChatGPT2,11#4,TRUE,"{'method': 'synonym augmentation', 'subkey': '11#0'}",What are some invention from the industrial revolution?,TRUE,"{'OS': 'Windows', 'Browser': 'Bing', 'User Type': 'Student'}","{'Industrial Revolution.What': 'Pass', 'Industrial Revolution.When': 'Pass', 'Industrial Revolution.Who': 'Fail', 'Industrial Revolution.Where': 'Pass'}",{'Industrial Revolution': 'Where'}
surabhigupta#Deliverable 2A#ChatGPT2,11#5,TRUE,"{'method': 'ocr augmentation', 'subkey': '11#0'}",What are some inventions from the industrial kevulotion?,TRUE,"{'OS': 'Windows', 'Browser': 'Bing', 'User Type': 'Student'}","{'Industrial Revolution.What': 'Pass', 'Industrial Revolution.When': 'Pass', 'Industrial Revolution.Who': 'Fail', 'Industrial Revolution.Where': 'Pass'}",{'Industrial Revolution': 'Where'}
surabhigupta#Deliverable 2A#ChatGPT2,11#6,TRUE,"{'method': 'keyboard augmentation', 'subkey': '11#0'}",What are some inventions trom the ibd TAtrial revolution?,TRUE,"{'OS': 'Windows', 'Browser': 'Bing', 'User Type': 'Student'}","{'Industrial Revolution.What': 'Pass', 'Industrial Revolution.When': 'Pass', 'Industrial Revolution.Who': 'Fail', 'Industrial Revolution.Where': 'Pass'}",{'Industrial Revolution': 'Where'}
surabhigupta#Deliverable 2A#ChatGPT2,11#7,TRUE,"{'method': 'random char insert', 'subkey': '11#0'}",wWhat are some inventions from the 4indcust^rial revolution?,TRUE,"{'OS': 'Windows', 'Browser': 'Bing', 'User Type': 'Student'}","{'Industrial Revolution.What': 'Pass', 'Industrial Revolution.When': 'Pass', 'Industrial Revolution.Who': 'Fail', 'Industrial Revolution.Where': 'Pass'}",{'Industrial Revolution': 'Where'}
surabhigupta#Deliverable 2A#ChatGPT2,11#8,TRUE,"{'method': 'random char swap', 'subkey': '11#0'}",What are some inventions form the inudtsiral revolution?,TRUE,"{'OS': 'Windows', 'Browser': 'Bing', 'User Type': 'Student'}","{'Industrial Revolution.What': 'Pass', 'Industrial Revolution.When': 'Pass', 'Industrial Revolution.Who': 'Fail', 'Industrial Revolution.Where': 'Pass'}",{'Industrial Revolution': 'Where'}
surabhigupta#Deliverable 2A#ChatGPT2,11#9,TRUE,"{'method': 'random char delete', 'subkey': '11#0'}",What are some invntos from the industrial revouto?,TRUE,"{'OS': 'Windows', 'Browser': 'Bing', 'User Type': 'Student'}","{'Industrial Revolution.What': 'Pass', 'Industrial Revolution.When': 'Pass', 'Industrial Revolution.Who': 'Fail', 'Industrial Revolution.Where': 'Pass'}",{'Industrial Revolution': 'Where'}
surabhigupta#Deliverable 2A#ChatGPT2,12#0,FALSE,,What were some good things that came out of the industrial revolution?,FALSE,"{'OS': 'Windows', 'Browser': 'Bing', 'User Type': 'Student'}","{'Industrial Revolution.What': 'Pass', 'Industrial Revolution.When': 'Pass', 'Industrial Revolution.Who': 'Fail', 'Industrial Revolution.Where': 'Pass'}",{'Industrial Revolution': 'When'}
surabhigupta#Deliverable 2A#ChatGPT2,12#1,TRUE,"{'method': 'random word swap', 'subkey': '12#0'}",What were the good things that came out of some industrial revolution?,TRUE,"{'OS': 'Windows', 'Browser': 'Bing', 'User Type': 'Student'}","{'Industrial Revolution.What': 'Pass', 'Industrial Revolution.When': 'Pass', 'Industrial Revolution.Who': 'Fail', 'Industrial Revolution.Where': 'Pass'}",{'Industrial Revolution': 'When'}
surabhigupta#Deliverable 2A#ChatGPT2,12#2,TRUE,"{'method': 'random word delete', 'subkey': '12#0'}",were some things that came out industrial revolution?,TRUE,"{'OS': 'Windows', 'Browser': 'Bing', 'User Type': 'Student'}","{'Industrial Revolution.What': 'Pass', 'Industrial Revolution.When': 'Pass', 'Industrial Revolution.Who': 'Fail', 'Industrial Revolution.Where': 'Pass'}",{'Industrial Revolution': 'When'}
surabhigupta#Deliverable 2A#ChatGPT2,12#3,TRUE,"{'method': 'random word insert', 'subkey': '12#0'}",What were some good things that came out of honorable the industrial revolution?,TRUE,"{'OS': 'Windows', 'Browser': 'Bing', 'User Type': 'Student'}","{'Industrial Revolution.What': 'Pass', 'Industrial Revolution.When': 'Pass', 'Industrial Revolution.Who': 'Fail', 'Industrial Revolution.Where': 'Pass'}",{'Industrial Revolution': 'When'}
surabhigupta#Deliverable 2A#ChatGPT2,12#4,TRUE,"{'method': 'synonym augmentation', 'subkey': '12#0'}",What embody some good things that came out of the industrial gyration?,TRUE,"{'OS': 'Windows', 'Browser': 'Bing', 'User Type': 'Student'}","{'Industrial Revolution.What': 'Pass', 'Industrial Revolution.When': 'Pass', 'Industrial Revolution.Who': 'Fail', 'Industrial Revolution.Where': 'Pass'}",{'Industrial Revolution': 'When'}
surabhigupta#Deliverable 2A#ChatGPT2,12#5,TRUE,"{'method': 'ocr augmentation', 'subkey': '12#0'}",What were some good things that came uut of the indo8tria1 revolution?,TRUE,"{'OS': 'Windows', 'Browser': 'Bing', 'User Type': 'Student'}","{'Industrial Revolution.What': 'Pass', 'Industrial Revolution.When': 'Pass', 'Industrial Revolution.Who': 'Fail', 'Industrial Revolution.Where': 'Pass'}",{'Industrial Revolution': 'When'}
surabhigupta#Deliverable 2A#ChatGPT2,12#6,TRUE,"{'method': 'keyboard augmentation', 'subkey': '12#0'}",What were some hood $hings that came out of the industrial eevolutiiJ?,TRUE,"{'OS': 'Windows', 'Browser': 'Bing', 'User Type': 'Student'}","{'Industrial Revolution.What': 'Pass', 'Industrial Revolution.When': 'Pass', 'Industrial Revolution.Who': 'Fail', 'Industrial Revolution.Where': 'Pass'}",{'Industrial Revolution': 'When'}
surabhigupta#Deliverable 2A#ChatGPT2,12#7,TRUE,"{'method': 'random char insert', 'subkey': '12#0'}",W4hat were some good thi(ngs that csame out of the industrial revolution?,TRUE,"{'OS': 'Windows', 'Browser': 'Bing', 'User Type': 'Student'}","{'Industrial Revolution.What': 'Pass', 'Industrial Revolution.When': 'Pass', 'Industrial Revolution.Who': 'Fail', 'Industrial Revolution.Where': 'Pass'}",{'Industrial Revolution': 'When'}
surabhigupta#Deliverable 2A#ChatGPT2,12#8,TRUE,"{'method': 'random char swap', 'subkey': '12#0'}",What were some godo things that acme out of the industrial rvoelutino?,TRUE,"{'OS': 'Windows', 'Browser': 'Bing', 'User Type': 'Student'}","{'Industrial Revolution.What': 'Pass', 'Industrial Revolution.When': 'Pass', 'Industrial Revolution.Who': 'Fail', 'Industrial Revolution.Where': 'Pass'}",{'Industrial Revolution': 'When'}
surabhigupta#Deliverable 2A#ChatGPT2,12#9,TRUE,"{'method': 'random char delete', 'subkey': '12#0'}",What were som goo thins that came out of the industrial revolution?,TRUE,"{'OS': 'Windows', 'Browser': 'Bing', 'User Type': 'Student'}","{'Industrial Revolution.What': 'Pass', 'Industrial Revolution.When': 'Pass', 'Industrial Revolution.Who': 'Fail', 'Industrial Revolution.Where': 'Pass'}",{'Industrial Revolution': 'When'}
surabhigupta#Deliverable 2A#ChatGPT2,13#0,FALSE,,What were some bad things that came out of the industrial revolution?,FALSE,"{'OS': 'Windows', 'Browser': 'Bing', 'User Type': 'Teacher'}","{'Industrial Revolution.What': 'Pass', 'Industrial Revolution.When': 'Pass', 'Industrial Revolution.Who': 'Pass', 'Industrial Revolution.Where': 'Pass'}",{'Industrial Revolution': 'Who'}
surabhigupta#Deliverable 2A#ChatGPT2,13#1,TRUE,"{'method': 'random word swap', 'subkey': '13#0'}",What were the bad things that came out of some industrial revolution?,TRUE,"{'OS': 'Windows', 'Browser': 'Bing', 'User Type': 'Teacher'}","{'Industrial Revolution.What': 'Pass', 'Industrial Revolution.When': 'Pass', 'Industrial Revolution.Who': 'Pass', 'Industrial Revolution.Where': 'Pass'}",{'Industrial Revolution': 'Who'}
surabhigupta#Deliverable 2A#ChatGPT2,13#2,TRUE,"{'method': 'random word delete', 'subkey': '13#0'}",were some things that came out industrial revolution?,TRUE,"{'OS': 'Windows', 'Browser': 'Bing', 'User Type': 'Teacher'}","{'Industrial Revolution.What': 'Pass', 'Industrial Revolution.When': 'Pass', 'Industrial Revolution.Who': 'Pass', 'Industrial Revolution.Where': 'Pass'}",{'Industrial Revolution': 'Who'}
surabhigupta#Deliverable 2A#ChatGPT2,13#3,TRUE,"{'method': 'random word insert', 'subkey': '13#0'}",What were some bad things that came out of spoiled the industrial revolution?,TRUE,"{'OS': 'Windows', 'Browser': 'Bing', 'User Type': 'Teacher'}","{'Industrial Revolution.What': 'Pass', 'Industrial Revolution.When': 'Pass', 'Industrial Revolution.Who': 'Pass', 'Industrial Revolution.Where': 'Pass'}",{'Industrial Revolution': 'Who'}
surabhigupta#Deliverable 2A#ChatGPT2,13#4,TRUE,"{'method': 'synonym augmentation', 'subkey': '13#0'}",What embody some bad things that came out of the industrial gyration?,TRUE,"{'OS': 'Windows', 'Browser': 'Bing', 'User Type': 'Teacher'}","{'Industrial Revolution.What': 'Pass', 'Industrial Revolution.When': 'Pass', 'Industrial Revolution.Who': 'Pass', 'Industrial Revolution.Where': 'Pass'}",{'Industrial Revolution': 'Who'}
surabhigupta#Deliverable 2A#ChatGPT2,13#5,TRUE,"{'method': 'ocr augmentation', 'subkey': '13#0'}",What were some bad things that came uut of the indo8tria1 revolution?,TRUE,"{'OS': 'Windows', 'Browser': 'Bing', 'User Type': 'Teacher'}","{'Industrial Revolution.What': 'Pass', 'Industrial Revolution.When': 'Pass', 'Industrial Revolution.Who': 'Pass', 'Industrial Revolution.Where': 'Pass'}",{'Industrial Revolution': 'Who'}
surabhigupta#Deliverable 2A#ChatGPT2,13#6,TRUE,"{'method': 'keyboard augmentation', 'subkey': '13#0'}",What Sere some bad things $hat vame out of the industrial revolution?,TRUE,"{'OS': 'Windows', 'Browser': 'Bing', 'User Type': 'Teacher'}","{'Industrial Revolution.What': 'Pass', 'Industrial Revolution.When': 'Pass', 'Industrial Revolution.Who': 'Pass', 'Industrial Revolution.Where': 'Pass'}",{'Industrial Revolution': 'Who'}
surabhigupta#Deliverable 2A#ChatGPT2,13#7,TRUE,"{'method': 'random char insert', 'subkey': '13#0'}",W2hat were some bad thingDs that c4ame out of the industrial revolution?,TRUE,"{'OS': 'Windows', 'Browser': 'Bing', 'User Type': 'Teacher'}","{'Industrial Revolution.What': 'Pass', 'Industrial Revolution.When': 'Pass', 'Industrial Revolution.Who': 'Pass', 'Industrial Revolution.Where': 'Pass'}",{'Industrial Revolution': 'Who'}
surabhigupta#Deliverable 2A#ChatGPT2,13#8,TRUE,"{'method': 'random char swap', 'subkey': '13#0'}",What wree some bad things thta came out of the industrial evroluiton?,TRUE,"{'OS': 'Windows', 'Browser': 'Bing', 'User Type': 'Teacher'}","{'Industrial Revolution.What': 'Pass', 'Industrial Revolution.When': 'Pass', 'Industrial Revolution.Who': 'Pass', 'Industrial Revolution.Where': 'Pass'}",{'Industrial Revolution': 'Who'}
surabhigupta#Deliverable 2A#ChatGPT2,13#9,TRUE,"{'method': 'random char delete', 'subkey': '13#0'}",What were some bad things tat cae out of the indutal revolution?,TRUE,"{'OS': 'Windows', 'Browser': 'Bing', 'User Type': 'Teacher'}","{'Industrial Revolution.What': 'Pass', 'Industrial Revolution.When': 'Pass', 'Industrial Revolution.Who': 'Pass', 'Industrial Revolution.Where': 'Pass'}",{'Industrial Revolution': 'Who'}
surabhigupta#Deliverable 2A#ChatGPT2,14#0,FALSE,,When did the revolution reach its peak?,FALSE,"{'OS': 'Windows', 'Browser': 'Bing', 'User Type': 'Teacher'}","{'Industrial Revolution.What': 'Pass', 'Industrial Revolution.When': 'Pass', 'Industrial Revolution.Who': 'Fail', 'Industrial Revolution.Where': 'Pass'}",{'Industrial Revolution': 'What'}
surabhigupta#Deliverable 2A#ChatGPT2,14#1,TRUE,"{'method': 'random word swap', 'subkey': '14#0'}",When reach the revolution did its peak?,TRUE,"{'OS': 'Windows', 'Browser': 'Bing', 'User Type': 'Teacher'}","{'Industrial Revolution.What': 'Pass', 'Industrial Revolution.When': 'Pass', 'Industrial Revolution.Who': 'Fail', 'Industrial Revolution.Where': 'Pass'}",{'Industrial Revolution': 'What'}
surabhigupta#Deliverable 2A#ChatGPT2,14#2,TRUE,"{'method': 'random word delete', 'subkey': '14#0'}",did the reach its peak?,TRUE,"{'OS': 'Windows', 'Browser': 'Bing', 'User Type': 'Teacher'}","{'Industrial Revolution.What': 'Pass', 'Industrial Revolution.When': 'Pass', 'Industrial Revolution.Who': 'Fail', 'Industrial Revolution.Where': 'Pass'}",{'Industrial Revolution': 'What'}
surabhigupta#Deliverable 2A#ChatGPT2,14#3,TRUE,"{'method': 'random word insert', 'subkey': '14#0'}",When did the revolution gyration reach its peak?,TRUE,"{'OS': 'Windows', 'Browser': 'Bing', 'User Type': 'Teacher'}","{'Industrial Revolution.What': 'Pass', 'Industrial Revolution.When': 'Pass', 'Industrial Revolution.Who': 'Fail', 'Industrial Revolution.Where': 'Pass'}",{'Industrial Revolution': 'What'}
surabhigupta#Deliverable 2A#ChatGPT2,14#4,TRUE,"{'method': 'synonym augmentation', 'subkey': '14#0'}",When did the rotation reach its peak?,TRUE,"{'OS': 'Windows', 'Browser': 'Bing', 'User Type': 'Teacher'}","{'Industrial Revolution.What': 'Pass', 'Industrial Revolution.When': 'Pass', 'Industrial Revolution.Who': 'Fail', 'Industrial Revolution.Where': 'Pass'}",{'Industrial Revolution': 'What'}
surabhigupta#Deliverable 2A#ChatGPT2,14#5,TRUE,"{'method': 'ocr augmentation', 'subkey': '14#0'}",When did the revolution reach its pear?,TRUE,"{'OS': 'Windows', 'Browser': 'Bing', 'User Type': 'Teacher'}","{'Industrial Revolution.What': 'Pass', 'Industrial Revolution.When': 'Pass', 'Industrial Revolution.Who': 'Fail', 'Industrial Revolution.Where': 'Pass'}",{'Industrial Revolution': 'What'}
surabhigupta#Deliverable 2A#ChatGPT2,14#6,TRUE,"{'method': 'keyboard augmentation', 'subkey': '14#0'}",shen did the revolution reach its leak?,TRUE,"{'OS': 'Windows', 'Browser': 'Bing', 'User Type': 'Teacher'}","{'Industrial Revolution.What': 'Pass', 'Industrial Revolution.When': 'Pass', 'Industrial Revolution.Who': 'Fail', 'Industrial Revolution.Where': 'Pass'}",{'Industrial Revolution': 'What'}
surabhigupta#Deliverable 2A#ChatGPT2,14#7,TRUE,"{'method': 'random char insert', 'subkey': '14#0'}",When did the revolution 5reach its pedak?,TRUE,"{'OS': 'Windows', 'Browser': 'Bing', 'User Type': 'Teacher'}","{'Industrial Revolution.What': 'Pass', 'Industrial Revolution.When': 'Pass', 'Industrial Revolution.Who': 'Fail', 'Industrial Revolution.Where': 'Pass'}",{'Industrial Revolution': 'What'}
surabhigupta#Deliverable 2A#ChatGPT2,14#8,TRUE,"{'method': 'random char swap', 'subkey': '14#0'}",Hwen did the ervolutoni reach its peak?,TRUE,"{'OS': 'Windows', 'Browser': 'Bing', 'User Type': 'Teacher'}","{'Industrial Revolution.What': 'Pass', 'Industrial Revolution.When': 'Pass', 'Industrial Revolution.Who': 'Fail', 'Industrial Revolution.Where': 'Pass'}",{'Industrial Revolution': 'What'}
surabhigupta#Deliverable 2A#ChatGPT2,14#9,TRUE,"{'method': 'random char delete', 'subkey': '14#0'}",When did the revlutn reach its pek?,TRUE,"{'OS': 'Windows', 'Browser': 'Bing', 'User Type': 'Teacher'}","{'Industrial Revolution.What': 'Pass', 'Industrial Revolution.When': 'Pass', 'Industrial Revolution.Who': 'Fail', 'Industrial Revolution.Where': 'Pass'}",{'Industrial Revolution': 'What'}
surabhigupta#Deliverable 2A#ChatGPT2,15#0,FALSE,,What is the power loom?,FALSE,"{'OS': 'Windows', 'Browser': 'Bing', 'User Type': 'Teacher'}","{'Industrial Revolution.What': 'Pass', 'Industrial Revolution.When': 'Pass', 'Industrial Revolution.Who': 'Fail', 'Industrial Revolution.Where': 'Pass'}",{'Industrial Revolution': 'Where'}
surabhigupta#Deliverable 2A#ChatGPT2,15#1,TRUE,"{'method': 'random word swap', 'subkey': '15#0'}",What loom? the power is,TRUE,"{'OS': 'Windows', 'Browser': 'Bing', 'User Type': 'Teacher'}","{'Industrial Revolution.What': 'Pass', 'Industrial Revolution.When': 'Pass', 'Industrial Revolution.Who': 'Fail', 'Industrial Revolution.Where': 'Pass'}",{'Industrial Revolution': 'Where'}
surabhigupta#Deliverable 2A#ChatGPT2,15#2,TRUE,"{'method': 'random word delete', 'subkey': '15#0'}",is the loom?,TRUE,"{'OS': 'Windows', 'Browser': 'Bing', 'User Type': 'Teacher'}","{'Industrial Revolution.What': 'Pass', 'Industrial Revolution.When': 'Pass', 'Industrial Revolution.Who': 'Fail', 'Industrial Revolution.Where': 'Pass'}",{'Industrial Revolution': 'Where'}
surabhigupta#Deliverable 2A#ChatGPT2,15#3,TRUE,"{'method': 'random word insert', 'subkey': '15#0'}",office What is the power loom?,TRUE,"{'OS': 'Windows', 'Browser': 'Bing', 'User Type': 'Teacher'}","{'Industrial Revolution.What': 'Pass', 'Industrial Revolution.When': 'Pass', 'Industrial Revolution.Who': 'Fail', 'Industrial Revolution.Where': 'Pass'}",{'Industrial Revolution': 'Where'}
surabhigupta#Deliverable 2A#ChatGPT2,15#4,TRUE,"{'method': 'synonym augmentation', 'subkey': '15#0'}",What is the power loom?,TRUE,"{'OS': 'Windows', 'Browser': 'Bing', 'User Type': 'Teacher'}","{'Industrial Revolution.What': 'Pass', 'Industrial Revolution.When': 'Pass', 'Industrial Revolution.Who': 'Fail', 'Industrial Revolution.Where': 'Pass'}",{'Industrial Revolution': 'Where'}
surabhigupta#Deliverable 2A#ChatGPT2,15#5,TRUE,"{'method': 'ocr augmentation', 'subkey': '15#0'}",What is the powek loom?,TRUE,"{'OS': 'Windows', 'Browser': 'Bing', 'User Type': 'Teacher'}","{'Industrial Revolution.What': 'Pass', 'Industrial Revolution.When': 'Pass', 'Industrial Revolution.Who': 'Fail', 'Industrial Revolution.Where': 'Pass'}",{'Industrial Revolution': 'Where'}
surabhigupta#Deliverable 2A#ChatGPT2,15#6,TRUE,"{'method': 'keyboard augmentation', 'subkey': '15#0'}",shat is the power loom?,TRUE,"{'OS': 'Windows', 'Browser': 'Bing', 'User Type': 'Teacher'}","{'Industrial Revolution.What': 'Pass', 'Industrial Revolution.When': 'Pass', 'Industrial Revolution.Who': 'Fail', 'Industrial Revolution.Where': 'Pass'}",{'Industrial Revolution': 'Where'}
surabhigupta#Deliverable 2A#ChatGPT2,15#7,TRUE,"{'method': 'random char insert', 'subkey': '15#0'}",Wha3t is the power loom?,TRUE,"{'OS': 'Windows', 'Browser': 'Bing', 'User Type': 'Teacher'}","{'Industrial Revolution.What': 'Pass', 'Industrial Revolution.When': 'Pass', 'Industrial Revolution.Who': 'Fail', 'Industrial Revolution.Where': 'Pass'}",{'Industrial Revolution': 'Where'}
surabhigupta#Deliverable 2A#ChatGPT2,15#8,TRUE,"{'method': 'random char swap', 'subkey': '15#0'}",What is the power olom?,TRUE,"{'OS': 'Windows', 'Browser': 'Bing', 'User Type': 'Teacher'}","{'Industrial Revolution.What': 'Pass', 'Industrial Revolution.When': 'Pass', 'Industrial Revolution.Who': 'Fail', 'Industrial Revolution.Where': 'Pass'}",{'Industrial Revolution': 'Where'}
surabhigupta#Deliverable 2A#ChatGPT2,15#9,TRUE,"{'method': 'random char delete', 'subkey': '15#0'}",What is the pwer loom?,TRUE,"{'OS': 'Windows', 'Browser': 'Bing', 'User Type': 'Teacher'}","{'Industrial Revolution.What': 'Pass', 'Industrial Revolution.When': 'Pass', 'Industrial Revolution.Who': 'Fail', 'Industrial Revolution.Where': 'Pass'}",{'Industrial Revolution': 'Where'}
surabhigupta#Deliverable 2A#ChatGPT2,16#0,FALSE,,What is a telegraph?,FALSE,"{'OS': 'Windows', 'Browser': 'Bing', 'User Type': 'Teacher'}","{'Industrial Revolution.What': 'Pass', 'Industrial Revolution.When': 'Pass', 'Industrial Revolution.Who': 'Fail', 'Industrial Revolution.Where': 'Pass'}",{'Industrial Revolution': 'When'}
surabhigupta#Deliverable 2A#ChatGPT2,16#1,TRUE,"{'method': 'random word swap', 'subkey': '16#0'}",is What a telegraph?,TRUE,"{'OS': 'Windows', 'Browser': 'Bing', 'User Type': 'Teacher'}","{'Industrial Revolution.What': 'Pass', 'Industrial Revolution.When': 'Pass', 'Industrial Revolution.Who': 'Fail', 'Industrial Revolution.Where': 'Pass'}",{'Industrial Revolution': 'When'}
surabhigupta#Deliverable 2A#ChatGPT2,16#2,TRUE,"{'method': 'random word delete', 'subkey': '16#0'}",is a,TRUE,"{'OS': 'Windows', 'Browser': 'Bing', 'User Type': 'Teacher'}","{'Industrial Revolution.What': 'Pass', 'Industrial Revolution.When': 'Pass', 'Industrial Revolution.Who': 'Fail', 'Industrial Revolution.Where': 'Pass'}",{'Industrial Revolution': 'When'}
surabhigupta#Deliverable 2A#ChatGPT2,16#3,TRUE,"{'method': 'random word insert', 'subkey': '16#0'}",What is a telegraph?,TRUE,"{'OS': 'Windows', 'Browser': 'Bing', 'User Type': 'Teacher'}","{'Industrial Revolution.What': 'Pass', 'Industrial Revolution.When': 'Pass', 'Industrial Revolution.Who': 'Fail', 'Industrial Revolution.Where': 'Pass'}",{'Industrial Revolution': 'When'}
surabhigupta#Deliverable 2A#ChatGPT2,16#4,TRUE,"{'method': 'synonym augmentation', 'subkey': '16#0'}",What be a telegraph?,TRUE,"{'OS': 'Windows', 'Browser': 'Bing', 'User Type': 'Teacher'}","{'Industrial Revolution.What': 'Pass', 'Industrial Revolution.When': 'Pass', 'Industrial Revolution.Who': 'Fail', 'Industrial Revolution.Where': 'Pass'}",{'Industrial Revolution': 'When'}
surabhigupta#Deliverable 2A#ChatGPT2,16#5,TRUE,"{'method': 'ocr augmentation', 'subkey': '16#0'}",What is a te1e9raph?,TRUE,"{'OS': 'Windows', 'Browser': 'Bing', 'User Type': 'Teacher'}","{'Industrial Revolution.What': 'Pass', 'Industrial Revolution.When': 'Pass', 'Industrial Revolution.Who': 'Fail', 'Industrial Revolution.Where': 'Pass'}",{'Industrial Revolution': 'When'}
surabhigupta#Deliverable 2A#ChatGPT2,16#6,TRUE,"{'method': 'keyboard augmentation', 'subkey': '16#0'}",Shat is a telegraph?,TRUE,"{'OS': 'Windows', 'Browser': 'Bing', 'User Type': 'Teacher'}","{'Industrial Revolution.What': 'Pass', 'Industrial Revolution.When': 'Pass', 'Industrial Revolution.Who': 'Fail', 'Industrial Revolution.Where': 'Pass'}",{'Industrial Revolution': 'When'}
surabhigupta#Deliverable 2A#ChatGPT2,16#7,TRUE,"{'method': 'random char insert', 'subkey': '16#0'}",DWhat is a telegraph?,TRUE,"{'OS': 'Windows', 'Browser': 'Bing', 'User Type': 'Teacher'}","{'Industrial Revolution.What': 'Pass', 'Industrial Revolution.When': 'Pass', 'Industrial Revolution.Who': 'Fail', 'Industrial Revolution.Where': 'Pass'}",{'Industrial Revolution': 'When'}
surabhigupta#Deliverable 2A#ChatGPT2,16#8,TRUE,"{'method': 'random char swap', 'subkey': '16#0'}",Whta is a telegraph?,TRUE,"{'OS': 'Windows', 'Browser': 'Bing', 'User Type': 'Teacher'}","{'Industrial Revolution.What': 'Pass', 'Industrial Revolution.When': 'Pass', 'Industrial Revolution.Who': 'Fail', 'Industrial Revolution.Where': 'Pass'}",{'Industrial Revolution': 'When'}
surabhigupta#Deliverable 2A#ChatGPT2,16#9,TRUE,"{'method': 'random char delete', 'subkey': '16#0'}",What is a elgraph?,TRUE,"{'OS': 'Windows', 'Browser': 'Bing', 'User Type': 'Teacher'}","{'Industrial Revolution.What': 'Pass', 'Industrial Revolution.When': 'Pass', 'Industrial Revolution.Who': 'Fail', 'Industrial Revolution.Where': 'Pass'}",{'Industrial Revolution': 'When'}
surabhigupta#Deliverable 2A#ChatGPT2,2#0,FALSE,,Who were key people of the Industrial Revolution?,FALSE,"{'OS': 'Windows', 'Browser': 'Chrome', 'User Type': 'Student'}","{'Industrial Revolution.What': 'Pass', 'Industrial Revolution.When': 'Pass', 'Industrial Revolution.Who': 'Fail', 'Industrial Revolution.Where': 'Pass'}",{'Industrial Revolution': 'What'}
surabhigupta#Deliverable 2A#ChatGPT2,2#1,TRUE,"{'method': 'random word swap', 'subkey': '2#0'}",Who key were people of the Industrial Revolution?,TRUE,"{'OS': 'Windows', 'Browser': 'Chrome', 'User Type': 'Student'}","{'Industrial Revolution.What': 'Pass', 'Industrial Revolution.When': 'Pass', 'Industrial Revolution.Who': 'Fail', 'Industrial Revolution.Where': 'Pass'}",{'Industrial Revolution': 'What'}
surabhigupta#Deliverable 2A#ChatGPT2,2#2,TRUE,"{'method': 'random word delete', 'subkey': '2#0'}",were key of the Industrial Revolution?,TRUE,"{'OS': 'Windows', 'Browser': 'Chrome', 'User Type': 'Student'}","{'Industrial Revolution.What': 'Pass', 'Industrial Revolution.When': 'Pass', 'Industrial Revolution.Who': 'Fail', 'Industrial Revolution.Where': 'Pass'}",{'Industrial Revolution': 'What'}
surabhigupta#Deliverable 2A#ChatGPT2,2#3,TRUE,"{'method': 'random word insert', 'subkey': '2#0'}",Who primal were key people of the Industrial Revolution?,TRUE,"{'OS': 'Windows', 'Browser': 'Chrome', 'User Type': 'Student'}","{'Industrial Revolution.What': 'Pass', 'Industrial Revolution.When': 'Pass', 'Industrial Revolution.Who': 'Fail', 'Industrial Revolution.Where': 'Pass'}",{'Industrial Revolution': 'What'}
surabhigupta#Deliverable 2A#ChatGPT2,2#4,TRUE,"{'method': 'random char insert', 'subkey': '2#0'}",Who were key peowple of the Industrial R3evxolutDion?,TRUE,"{'OS': 'Windows', 'Browser': 'Chrome', 'User Type': 'Student'}","{'Industrial Revolution.What': 'Pass', 'Industrial Revolution.When': 'Pass', 'Industrial Revolution.Who': 'Fail', 'Industrial Revolution.Where': 'Pass'}",{'Industrial Revolution': 'What'}
surabhigupta#Deliverable 2A#ChatGPT2,2#5,TRUE,"{'method': 'synonym augmentation', 'subkey': '2#0'}",Who were key hoi polloi of the Industrial Revolution?,TRUE,"{'OS': 'Windows', 'Browser': 'Chrome', 'User Type': 'Student'}","{'Industrial Revolution.What': 'Pass', 'Industrial Revolution.When': 'Pass', 'Industrial Revolution.Who': 'Fail', 'Industrial Revolution.Where': 'Pass'}",{'Industrial Revolution': 'What'}
surabhigupta#Deliverable 2A#ChatGPT2,2#6,TRUE,"{'method': 'ocr augmentation', 'subkey': '2#0'}",Who weke rey people of the Industrial Revolution?,TRUE,"{'OS': 'Windows', 'Browser': 'Chrome', 'User Type': 'Student'}","{'Industrial Revolution.What': 'Pass', 'Industrial Revolution.When': 'Pass', 'Industrial Revolution.Who': 'Fail', 'Industrial Revolution.Where': 'Pass'}",{'Industrial Revolution': 'What'}
surabhigupta#Deliverable 2A#ChatGPT2,2#7,TRUE,"{'method': 'keyboard augmentation', 'subkey': '2#0'}",Who weee key people of the Industrial ReBllutioJ?,TRUE,"{'OS': 'Windows', 'Browser': 'Chrome', 'User Type': 'Student'}","{'Industrial Revolution.What': 'Pass', 'Industrial Revolution.When': 'Pass', 'Industrial Revolution.Who': 'Fail', 'Industrial Revolution.Where': 'Pass'}",{'Industrial Revolution': 'What'}
surabhigupta#Deliverable 2A#ChatGPT2,2#8,TRUE,"{'method': 'random char swap', 'subkey': '2#0'}",Who were key peopel of the Industrial Revuoliton?,TRUE,"{'OS': 'Windows', 'Browser': 'Chrome', 'User Type': 'Student'}","{'Industrial Revolution.What': 'Pass', 'Industrial Revolution.When': 'Pass', 'Industrial Revolution.Who': 'Fail', 'Industrial Revolution.Where': 'Pass'}",{'Industrial Revolution': 'What'}
surabhigupta#Deliverable 2A#ChatGPT2,2#9,TRUE,"{'method': 'random char delete', 'subkey': '2#0'}",Who wee key peope of the Industrial Revolution?,TRUE,"{'OS': 'Windows', 'Browser': 'Chrome', 'User Type': 'Student'}","{'Industrial Revolution.What': 'Pass', 'Industrial Revolution.When': 'Pass', 'Industrial Revolution.Who': 'Fail', 'Industrial Revolution.Where': 'Pass'}",{'Industrial Revolution': 'What'}
surabhigupta#Deliverable 2A#ChatGPT2,3#0,FALSE,,Who was Eli Whitney and what did he do in the Industrial Revolution?,FALSE,"{'OS': 'Windows', 'Browser': 'Chrome', 'User Type': 'Student'}","{'Industrial Revolution.What': 'Pass', 'Industrial Revolution.When': 'Pass', 'Industrial Revolution.Who': 'Fail', 'Industrial Revolution.Where': 'Pass'}",{'Industrial Revolution': 'Where'}
surabhigupta#Deliverable 2A#ChatGPT2,3#1,TRUE,"{'method': 'random word swap', 'subkey': '3#0'}",Who was in Whitney and what did he do Eli the Industrial Revolution?,TRUE,"{'OS': 'Windows', 'Browser': 'Chrome', 'User Type': 'Student'}","{'Industrial Revolution.What': 'Pass', 'Industrial Revolution.When': 'Pass', 'Industrial Revolution.Who': 'Fail', 'Industrial Revolution.Where': 'Pass'}",{'Industrial Revolution': 'Where'}
surabhigupta#Deliverable 2A#ChatGPT2,3#2,TRUE,"{'method': 'random word delete', 'subkey': '3#0'}",was Eli and what did he the Industrial Revolution?,TRUE,"{'OS': 'Windows', 'Browser': 'Chrome', 'User Type': 'Student'}","{'Industrial Revolution.What': 'Pass', 'Industrial Revolution.When': 'Pass', 'Industrial Revolution.Who': 'Fail', 'Industrial Revolution.Where': 'Pass'}",{'Industrial Revolution': 'Where'}
surabhigupta#Deliverable 2A#ChatGPT2,3#3,TRUE,"{'method': 'random word insert', 'subkey': '3#0'}",Who was Eli Whitney who and what did he do in the Industrial Revolution?,TRUE,"{'OS': 'Windows', 'Browser': 'Chrome', 'User Type': 'Student'}","{'Industrial Revolution.What': 'Pass', 'Industrial Revolution.When': 'Pass', 'Industrial Revolution.Who': 'Fail', 'Industrial Revolution.Where': 'Pass'}",{'Industrial Revolution': 'Where'}
surabhigupta#Deliverable 2A#ChatGPT2,3#4,TRUE,"{'method': 'random char insert', 'subkey': '3#0'}",Who was Eli WohitnNey and Cwhat did he do in the 2Industribawl (Rev@oluti4on?,TRUE,"{'OS': 'Windows', 'Browser': 'Chrome', 'User Type': 'Student'}","{'Industrial Revolution.What': 'Pass', 'Industrial Revolution.When': 'Pass', 'Industrial Revolution.Who': 'Fail', 'Industrial Revolution.Where': 'Pass'}",{'Industrial Revolution': 'Where'}
surabhigupta#Deliverable 2A#ChatGPT2,3#5,TRUE,"{'method': 'synonym augmentation', 'subkey': '3#0'}",Who was Eli Mount whitney and what serve he serve in the Industrial Gyration?,TRUE,"{'OS': 'Windows', 'Browser': 'Chrome', 'User Type': 'Student'}","{'Industrial Revolution.What': 'Pass', 'Industrial Revolution.When': 'Pass', 'Industrial Revolution.Who': 'Fail', 'Industrial Revolution.Where': 'Pass'}",{'Industrial Revolution': 'Where'}
surabhigupta#Deliverable 2A#ChatGPT2,3#6,TRUE,"{'method': 'ocr augmentation', 'subkey': '3#0'}",Wh0 was Eli Whitney and what did he du in the Industrial Revu1otion?,TRUE,"{'OS': 'Windows', 'Browser': 'Chrome', 'User Type': 'Student'}","{'Industrial Revolution.What': 'Pass', 'Industrial Revolution.When': 'Pass', 'Industrial Revolution.Who': 'Fail', 'Industrial Revolution.Where': 'Pass'}",{'Industrial Revolution': 'Where'}
surabhigupta#Deliverable 2A#ChatGPT2,3#7,TRUE,"{'method': 'keyboard augmentation', 'subkey': '3#0'}",Who was Eli DhLtney and @hat did he do in the IHduWRrial ReGooutikn?,TRUE,"{'OS': 'Windows', 'Browser': 'Chrome', 'User Type': 'Student'}","{'Industrial Revolution.What': 'Pass', 'Industrial Revolution.When': 'Pass', 'Industrial Revolution.Who': 'Fail', 'Industrial Revolution.Where': 'Pass'}",{'Industrial Revolution': 'Where'}
surabhigupta#Deliverable 2A#ChatGPT2,3#8,TRUE,"{'method': 'random char swap', 'subkey': '3#0'}",Who was Eli Hwtiney and waht did he do in the Indtusrail Erovluiton?,TRUE,"{'OS': 'Windows', 'Browser': 'Chrome', 'User Type': 'Student'}","{'Industrial Revolution.What': 'Pass', 'Industrial Revolution.When': 'Pass', 'Industrial Revolution.Who': 'Fail', 'Industrial Revolution.Where': 'Pass'}",{'Industrial Revolution': 'Where'}
surabhigupta#Deliverable 2A#ChatGPT2,3#9,TRUE,"{'method': 'random char delete', 'subkey': '3#0'}",Who was Eli Whity and wht did he do in the ndutial elution?,TRUE,"{'OS': 'Windows', 'Browser': 'Chrome', 'User Type': 'Student'}","{'Industrial Revolution.What': 'Pass', 'Industrial Revolution.When': 'Pass', 'Industrial Revolution.Who': 'Fail', 'Industrial Revolution.Where': 'Pass'}",{'Industrial Revolution': 'Where'}
surabhigupta#Deliverable 2A#ChatGPT2,4#0,FALSE,,What happened in California during the industrial revolution?,FALSE,"{'OS': 'Windows', 'Browser': 'Chrome', 'User Type': 'Student'}","{'Industrial Revolution.What': 'Pass', 'Industrial Revolution.When': 'Pass', 'Industrial Revolution.Who': 'Fail', 'Industrial Revolution.Where': 'Pass'}",{'Industrial Revolution': 'When'}
surabhigupta#Deliverable 2A#ChatGPT2,4#1,TRUE,"{'method': 'random word swap', 'subkey': '4#0'}",What in happened California during the industrial revolution?,TRUE,"{'OS': 'Windows', 'Browser': 'Chrome', 'User Type': 'Student'}","{'Industrial Revolution.What': 'Pass', 'Industrial Revolution.When': 'Pass', 'Industrial Revolution.Who': 'Fail', 'Industrial Revolution.Where': 'Pass'}",{'Industrial Revolution': 'When'}
surabhigupta#Deliverable 2A#ChatGPT2,4#2,TRUE,"{'method': 'random word delete', 'subkey': '4#0'}",happened in during the industrial revolution?,TRUE,"{'OS': 'Windows', 'Browser': 'Chrome', 'User Type': 'Student'}","{'Industrial Revolution.What': 'Pass', 'Industrial Revolution.When': 'Pass', 'Industrial Revolution.Who': 'Fail', 'Industrial Revolution.Where': 'Pass'}",{'Industrial Revolution': 'When'}
surabhigupta#Deliverable 2A#ChatGPT2,4#3,TRUE,"{'method': 'random word insert', 'subkey': '4#0'}",What pass off happened in California during the industrial revolution?,TRUE,"{'OS': 'Windows', 'Browser': 'Chrome', 'User Type': 'Student'}","{'Industrial Revolution.What': 'Pass', 'Industrial Revolution.When': 'Pass', 'Industrial Revolution.Who': 'Fail', 'Industrial Revolution.Where': 'Pass'}",{'Industrial Revolution': 'When'}
surabhigupta#Deliverable 2A#ChatGPT2,4#4,TRUE,"{'method': 'random char insert', 'subkey': '4#0'}",What hap6pecned in XCaliMfo)rnia during the industrial revolution?,TRUE,"{'OS': 'Windows', 'Browser': 'Chrome', 'User Type': 'Student'}","{'Industrial Revolution.What': 'Pass', 'Industrial Revolution.When': 'Pass', 'Industrial Revolution.Who': 'Fail', 'Industrial Revolution.Where': 'Pass'}",{'Industrial Revolution': 'When'}
surabhigupta#Deliverable 2A#ChatGPT2,4#5,TRUE,"{'method': 'synonym augmentation', 'subkey': '4#0'}",What happened in California during the industrial revolution?,TRUE,"{'OS': 'Windows', 'Browser': 'Chrome', 'User Type': 'Student'}","{'Industrial Revolution.What': 'Pass', 'Industrial Revolution.When': 'Pass', 'Industrial Revolution.Who': 'Fail', 'Industrial Revolution.Where': 'Pass'}",{'Industrial Revolution': 'When'}
surabhigupta#Deliverable 2A#ChatGPT2,4#6,TRUE,"{'method': 'ocr augmentation', 'subkey': '4#0'}",What happened in California duking the industrial revolution?,TRUE,"{'OS': 'Windows', 'Browser': 'Chrome', 'User Type': 'Student'}","{'Industrial Revolution.What': 'Pass', 'Industrial Revolution.When': 'Pass', 'Industrial Revolution.Who': 'Fail', 'Industrial Revolution.Where': 'Pass'}",{'Industrial Revolution': 'When'}
surabhigupta#Deliverable 2A#ChatGPT2,4#7,TRUE,"{'method': 'keyboard augmentation', 'subkey': '4#0'}",What happened in California du4ing the Jndustrixo revolution?,TRUE,"{'OS': 'Windows', 'Browser': 'Chrome', 'User Type': 'Student'}","{'Industrial Revolution.What': 'Pass', 'Industrial Revolution.When': 'Pass', 'Industrial Revolution.Who': 'Fail', 'Industrial Revolution.Where': 'Pass'}",{'Industrial Revolution': 'When'}
surabhigupta#Deliverable 2A#ChatGPT2,4#8,TRUE,"{'method': 'random char swap', 'subkey': '4#0'}",What ahpepned in California during the indsutirla revolution?,TRUE,"{'OS': 'Windows', 'Browser': 'Chrome', 'User Type': 'Student'}","{'Industrial Revolution.What': 'Pass', 'Industrial Revolution.When': 'Pass', 'Industrial Revolution.Who': 'Fail', 'Industrial Revolution.Where': 'Pass'}",{'Industrial Revolution': 'When'}
surabhigupta#Deliverable 2A#ChatGPT2,4#9,TRUE,"{'method': 'random char delete', 'subkey': '4#0'}",Wht happened in California durig the industrial revolution?,TRUE,"{'OS': 'Windows', 'Browser': 'Chrome', 'User Type': 'Student'}","{'Industrial Revolution.What': 'Pass', 'Industrial Revolution.When': 'Pass', 'Industrial Revolution.Who': 'Fail', 'Industrial Revolution.Where': 'Pass'}",{'Industrial Revolution': 'When'}
surabhigupta#Deliverable 2A#ChatGPT2,5#0,FALSE,,Where was the lightbulb invented during the industrial revolution?,FALSE,"{'OS': 'Windows', 'Browser': 'Chrome', 'User Type': 'Teacher'}","{'Industrial Revolution.What': 'Pass', 'Industrial Revolution.When': 'Pass', 'Industrial Revolution.Who': 'Pass', 'Industrial Revolution.Where': 'Pass'}",{'Industrial Revolution': 'Who'}
surabhigupta#Deliverable 2A#ChatGPT2,5#1,TRUE,"{'method': 'random word swap', 'subkey': '5#0'}",Where the was lightbulb invented during the industrial revolution?,TRUE,"{'OS': 'Windows', 'Browser': 'Chrome', 'User Type': 'Teacher'}","{'Industrial Revolution.What': 'Pass', 'Industrial Revolution.When': 'Pass', 'Industrial Revolution.Who': 'Pass', 'Industrial Revolution.Where': 'Pass'}",{'Industrial Revolution': 'Who'}
surabhigupta#Deliverable 2A#ChatGPT2,5#2,TRUE,"{'method': 'random word delete', 'subkey': '5#0'}",was the invented during the industrial,TRUE,"{'OS': 'Windows', 'Browser': 'Chrome', 'User Type': 'Teacher'}","{'Industrial Revolution.What': 'Pass', 'Industrial Revolution.When': 'Pass', 'Industrial Revolution.Who': 'Pass', 'Industrial Revolution.Where': 'Pass'}",{'Industrial Revolution': 'Who'}
surabhigupta#Deliverable 2A#ChatGPT2,5#3,TRUE,"{'method': 'random word insert', 'subkey': '5#0'}",Where electric light bulb was the lightbulb invented during the industrial revolution?,TRUE,"{'OS': 'Windows', 'Browser': 'Chrome', 'User Type': 'Teacher'}","{'Industrial Revolution.What': 'Pass', 'Industrial Revolution.When': 'Pass', 'Industrial Revolution.Who': 'Pass', 'Industrial Revolution.Where': 'Pass'}",{'Industrial Revolution': 'Who'}
surabhigupta#Deliverable 2A#ChatGPT2,5#4,TRUE,"{'method': 'random char insert', 'subkey': '5#0'}",Wh#ere was the lightbulb invemntYed during the industrial revoflu9tEion?,TRUE,"{'OS': 'Windows', 'Browser': 'Chrome', 'User Type': 'Teacher'}","{'Industrial Revolution.What': 'Pass', 'Industrial Revolution.When': 'Pass', 'Industrial Revolution.Who': 'Pass', 'Industrial Revolution.Where': 'Pass'}",{'Industrial Revolution': 'Who'}
surabhigupta#Deliverable 2A#ChatGPT2,5#5,TRUE,"{'method': 'synonym augmentation', 'subkey': '5#0'}",Where was the bulb devise during the industrial rotation?,TRUE,"{'OS': 'Windows', 'Browser': 'Chrome', 'User Type': 'Teacher'}","{'Industrial Revolution.What': 'Pass', 'Industrial Revolution.When': 'Pass', 'Industrial Revolution.Who': 'Pass', 'Industrial Revolution.Where': 'Pass'}",{'Industrial Revolution': 'Who'}
surabhigupta#Deliverable 2A#ChatGPT2,5#6,TRUE,"{'method': 'ocr augmentation', 'subkey': '5#0'}",Where was the lightbulb invented duking the industrial revolution?,TRUE,"{'OS': 'Windows', 'Browser': 'Chrome', 'User Type': 'Teacher'}","{'Industrial Revolution.What': 'Pass', 'Industrial Revolution.When': 'Pass', 'Industrial Revolution.Who': 'Pass', 'Industrial Revolution.Where': 'Pass'}",{'Industrial Revolution': 'Who'}
surabhigupta#Deliverable 2A#ChatGPT2,5#7,TRUE,"{'method': 'keyboard augmentation', 'subkey': '5#0'}",Wherd was the lightbulb inventFF durinF the industrial revolution?,TRUE,"{'OS': 'Windows', 'Browser': 'Chrome', 'User Type': 'Teacher'}","{'Industrial Revolution.What': 'Pass', 'Industrial Revolution.When': 'Pass', 'Industrial Revolution.Who': 'Pass', 'Industrial Revolution.Where': 'Pass'}",{'Industrial Revolution': 'Who'}
surabhigupta#Deliverable 2A#ChatGPT2,5#8,TRUE,"{'method': 'random char swap', 'subkey': '5#0'}",Hwere was the lighutblb invented during the insdutiral revolution?,TRUE,"{'OS': 'Windows', 'Browser': 'Chrome', 'User Type': 'Teacher'}","{'Industrial Revolution.What': 'Pass', 'Industrial Revolution.When': 'Pass', 'Industrial Revolution.Who': 'Pass', 'Industrial Revolution.Where': 'Pass'}",{'Industrial Revolution': 'Who'}
surabhigupta#Deliverable 2A#ChatGPT2,5#9,TRUE,"{'method': 'random char delete', 'subkey': '5#0'}",Were was the lghtulb invented durig the industrial revolution?,TRUE,"{'OS': 'Windows', 'Browser': 'Chrome', 'User Type': 'Teacher'}","{'Industrial Revolution.What': 'Pass', 'Industrial Revolution.When': 'Pass', 'Industrial Revolution.Who': 'Pass', 'Industrial Revolution.Where': 'Pass'}",{'Industrial Revolution': 'Who'}
surabhigupta#Deliverable 2A#ChatGPT2,6#0,FALSE,,When did we experience the negative consequences of the industrial revolution?,FALSE,"{'OS': 'Windows', 'Browser': 'Chrome', 'User Type': 'Teacher'}","{'Industrial Revolution.What': 'Pass', 'Industrial Revolution.When': 'Pass', 'Industrial Revolution.Who': 'Fail', 'Industrial Revolution.Where': 'Pass'}",{'Industrial Revolution': 'What'}
surabhigupta#Deliverable 2A#ChatGPT2,6#1,TRUE,"{'method': 'random word swap', 'subkey': '6#0'}",When did industrial experience the negative consequences of the we revolution?,TRUE,"{'OS': 'Windows', 'Browser': 'Chrome', 'User Type': 'Teacher'}","{'Industrial Revolution.What': 'Pass', 'Industrial Revolution.When': 'Pass', 'Industrial Revolution.Who': 'Fail', 'Industrial Revolution.Where': 'Pass'}",{'Industrial Revolution': 'What'}
surabhigupta#Deliverable 2A#ChatGPT2,6#2,TRUE,"{'method': 'random word delete', 'subkey': '6#0'}",did we the negative consequences of revolution?,TRUE,"{'OS': 'Windows', 'Browser': 'Chrome', 'User Type': 'Teacher'}","{'Industrial Revolution.What': 'Pass', 'Industrial Revolution.When': 'Pass', 'Industrial Revolution.Who': 'Fail', 'Industrial Revolution.Where': 'Pass'}",{'Industrial Revolution': 'What'}
surabhigupta#Deliverable 2A#ChatGPT2,6#3,TRUE,"{'method': 'random word insert', 'subkey': '6#0'}",When did we experience the negative consequences of the receive industrial revolution?,TRUE,"{'OS': 'Windows', 'Browser': 'Chrome', 'User Type': 'Teacher'}","{'Industrial Revolution.What': 'Pass', 'Industrial Revolution.When': 'Pass', 'Industrial Revolution.Who': 'Fail', 'Industrial Revolution.Where': 'Pass'}",{'Industrial Revolution': 'What'}
surabhigupta#Deliverable 2A#ChatGPT2,6#4,TRUE,"{'method': 'random char insert', 'subkey': '6#0'}",When did we experience the negative coLnsevquenc(es of the iyndustr%iUal nrevolFut8ion?,TRUE,"{'OS': 'Windows', 'Browser': 'Chrome', 'User Type': 'Teacher'}","{'Industrial Revolution.What': 'Pass', 'Industrial Revolution.When': 'Pass', 'Industrial Revolution.Who': 'Fail', 'Industrial Revolution.Where': 'Pass'}",{'Industrial Revolution': 'What'}
surabhigupta#Deliverable 2A#ChatGPT2,6#5,TRUE,"{'method': 'synonym augmentation', 'subkey': '6#0'}",When do we experience the negatively charged consequences of the industrial revolution?,TRUE,"{'OS': 'Windows', 'Browser': 'Chrome', 'User Type': 'Teacher'}","{'Industrial Revolution.What': 'Pass', 'Industrial Revolution.When': 'Pass', 'Industrial Revolution.Who': 'Fail', 'Industrial Revolution.Where': 'Pass'}",{'Industrial Revolution': 'What'}
surabhigupta#Deliverable 2A#ChatGPT2,6#6,TRUE,"{'method': 'ocr augmentation', 'subkey': '6#0'}",When did we experience the negative consequences of the indo8tkial revolution?,TRUE,"{'OS': 'Windows', 'Browser': 'Chrome', 'User Type': 'Teacher'}","{'Industrial Revolution.What': 'Pass', 'Industrial Revolution.When': 'Pass', 'Industrial Revolution.Who': 'Fail', 'Industrial Revolution.Where': 'Pass'}",{'Industrial Revolution': 'What'}
surabhigupta#Deliverable 2A#ChatGPT2,6#7,TRUE,"{'method': 'keyboard augmentation', 'subkey': '6#0'}",1hen did we experience the BegatiFe consequences of the industrial reCKluFion?,TRUE,"{'OS': 'Windows', 'Browser': 'Chrome', 'User Type': 'Teacher'}","{'Industrial Revolution.What': 'Pass', 'Industrial Revolution.When': 'Pass', 'Industrial Revolution.Who': 'Fail', 'Industrial Revolution.Where': 'Pass'}",{'Industrial Revolution': 'What'}
surabhigupta#Deliverable 2A#ChatGPT2,6#8,TRUE,"{'method': 'random char swap', 'subkey': '6#0'}",When did we epxerineec the negative consequences of the niudsrtial revolutino?,TRUE,"{'OS': 'Windows', 'Browser': 'Chrome', 'User Type': 'Teacher'}","{'Industrial Revolution.What': 'Pass', 'Industrial Revolution.When': 'Pass', 'Industrial Revolution.Who': 'Fail', 'Industrial Revolution.Where': 'Pass'}",{'Industrial Revolution': 'What'}
surabhigupta#Deliverable 2A#ChatGPT2,6#9,TRUE,"{'method': 'random char delete', 'subkey': '6#0'}",When did we exeence the netive coneuence of the industrial revolution?,TRUE,"{'OS': 'Windows', 'Browser': 'Chrome', 'User Type': 'Teacher'}","{'Industrial Revolution.What': 'Pass', 'Industrial Revolution.When': 'Pass', 'Industrial Revolution.Who': 'Fail', 'Industrial Revolution.Where': 'Pass'}",{'Industrial Revolution': 'What'}
surabhigupta#Deliverable 2A#ChatGPT2,7#0,FALSE,,Where did the industrial revolution begin?,FALSE,"{'OS': 'Windows', 'Browser': 'Chrome', 'User Type': 'Teacher'}","{'Industrial Revolution.What': 'Pass', 'Industrial Revolution.When': 'Pass', 'Industrial Revolution.Who': 'Fail', 'Industrial Revolution.Where': 'Pass'}",{'Industrial Revolution': 'Where'}
surabhigupta#Deliverable 2A#ChatGPT2,7#1,TRUE,"{'method': 'random word swap', 'subkey': '7#0'}",Where revolution the industrial did begin?,TRUE,"{'OS': 'Windows', 'Browser': 'Chrome', 'User Type': 'Teacher'}","{'Industrial Revolution.What': 'Pass', 'Industrial Revolution.When': 'Pass', 'Industrial Revolution.Who': 'Fail', 'Industrial Revolution.Where': 'Pass'}",{'Industrial Revolution': 'Where'}
surabhigupta#Deliverable 2A#ChatGPT2,7#2,TRUE,"{'method': 'random word delete', 'subkey': '7#0'}",did the revolution begin?,TRUE,"{'OS': 'Windows', 'Browser': 'Chrome', 'User Type': 'Teacher'}","{'Industrial Revolution.What': 'Pass', 'Industrial Revolution.When': 'Pass', 'Industrial Revolution.Who': 'Fail', 'Industrial Revolution.Where': 'Pass'}",{'Industrial Revolution': 'Where'}
surabhigupta#Deliverable 2A#ChatGPT2,7#3,TRUE,"{'method': 'random word insert', 'subkey': '7#0'}",gyration Where did the industrial revolution begin?,TRUE,"{'OS': 'Windows', 'Browser': 'Chrome', 'User Type': 'Teacher'}","{'Industrial Revolution.What': 'Pass', 'Industrial Revolution.When': 'Pass', 'Industrial Revolution.Who': 'Fail', 'Industrial Revolution.Where': 'Pass'}",{'Industrial Revolution': 'Where'}
surabhigupta#Deliverable 2A#ChatGPT2,7#4,TRUE,"{'method': 'synonym augmentation', 'subkey': '7#0'}",Where did the industrial gyration menachem begin?,TRUE,"{'OS': 'Windows', 'Browser': 'Chrome', 'User Type': 'Teacher'}","{'Industrial Revolution.What': 'Pass', 'Industrial Revolution.When': 'Pass', 'Industrial Revolution.Who': 'Fail', 'Industrial Revolution.Where': 'Pass'}",{'Industrial Revolution': 'Where'}
surabhigupta#Deliverable 2A#ChatGPT2,7#5,TRUE,"{'method': 'ocr augmentation', 'subkey': '7#0'}",Where did the industrial revolution begin?,TRUE,"{'OS': 'Windows', 'Browser': 'Chrome', 'User Type': 'Teacher'}","{'Industrial Revolution.What': 'Pass', 'Industrial Revolution.When': 'Pass', 'Industrial Revolution.Who': 'Fail', 'Industrial Revolution.Where': 'Pass'}",{'Industrial Revolution': 'Where'}
surabhigupta#Deliverable 2A#ChatGPT2,7#6,TRUE,"{'method': 'keyboard augmentation', 'subkey': '7#0'}",dhere did the LndustE7al revolution begin?,TRUE,"{'OS': 'Windows', 'Browser': 'Chrome', 'User Type': 'Teacher'}","{'Industrial Revolution.What': 'Pass', 'Industrial Revolution.When': 'Pass', 'Industrial Revolution.Who': 'Fail', 'Industrial Revolution.Where': 'Pass'}",{'Industrial Revolution': 'Where'}
surabhigupta#Deliverable 2A#ChatGPT2,7#7,TRUE,"{'method': 'random char insert', 'subkey': '7#0'}",DWhere did the industrial Drevolu2tibon begin?,TRUE,"{'OS': 'Windows', 'Browser': 'Chrome', 'User Type': 'Teacher'}","{'Industrial Revolution.What': 'Pass', 'Industrial Revolution.When': 'Pass', 'Industrial Revolution.Who': 'Fail', 'Industrial Revolution.Where': 'Pass'}",{'Industrial Revolution': 'Where'}
surabhigupta#Deliverable 2A#ChatGPT2,7#8,TRUE,"{'method': 'random char swap', 'subkey': '7#0'}",Where did the indsutrial revolution beign?,TRUE,"{'OS': 'Windows', 'Browser': 'Chrome', 'User Type': 'Teacher'}","{'Industrial Revolution.What': 'Pass', 'Industrial Revolution.When': 'Pass', 'Industrial Revolution.Who': 'Fail', 'Industrial Revolution.Where': 'Pass'}",{'Industrial Revolution': 'Where'}
surabhigupta#Deliverable 2A#ChatGPT2,7#9,TRUE,"{'method': 'random char delete', 'subkey': '7#0'}",Whre did the industrial revluin begin?,TRUE,"{'OS': 'Windows', 'Browser': 'Chrome', 'User Type': 'Teacher'}","{'Industrial Revolution.What': 'Pass', 'Industrial Revolution.When': 'Pass', 'Industrial Revolution.Who': 'Fail', 'Industrial Revolution.Where': 'Pass'}",{'Industrial Revolution': 'Where'}
surabhigupta#Deliverable 2A#ChatGPT2,8#0,FALSE,,Where did the industrial revolution end?,FALSE,"{'OS': 'Windows', 'Browser': 'Chrome', 'User Type': 'Teacher'}","{'Industrial Revolution.What': 'Pass', 'Industrial Revolution.When': 'Pass', 'Industrial Revolution.Who': 'Fail', 'Industrial Revolution.Where': 'Pass'}",{'Industrial Revolution': 'When'}
surabhigupta#Deliverable 2A#ChatGPT2,8#1,TRUE,"{'method': 'random word swap', 'subkey': '8#0'}",Where revolution the industrial did end?,TRUE,"{'OS': 'Windows', 'Browser': 'Chrome', 'User Type': 'Teacher'}","{'Industrial Revolution.What': 'Pass', 'Industrial Revolution.When': 'Pass', 'Industrial Revolution.Who': 'Fail', 'Industrial Revolution.Where': 'Pass'}",{'Industrial Revolution': 'When'}
surabhigupta#Deliverable 2A#ChatGPT2,8#2,TRUE,"{'method': 'random word delete', 'subkey': '8#0'}",did the revolution end?,TRUE,"{'OS': 'Windows', 'Browser': 'Chrome', 'User Type': 'Teacher'}","{'Industrial Revolution.What': 'Pass', 'Industrial Revolution.When': 'Pass', 'Industrial Revolution.Who': 'Fail', 'Industrial Revolution.Where': 'Pass'}",{'Industrial Revolution': 'When'}
surabhigupta#Deliverable 2A#ChatGPT2,8#3,TRUE,"{'method': 'random word insert', 'subkey': '8#0'}",gyration Where did the industrial revolution end?,TRUE,"{'OS': 'Windows', 'Browser': 'Chrome', 'User Type': 'Teacher'}","{'Industrial Revolution.What': 'Pass', 'Industrial Revolution.When': 'Pass', 'Industrial Revolution.Who': 'Fail', 'Industrial Revolution.Where': 'Pass'}",{'Industrial Revolution': 'When'}
surabhigupta#Deliverable 2A#ChatGPT2,8#4,TRUE,"{'method': 'synonym augmentation', 'subkey': '8#0'}",Where did the industrial gyration ending?,TRUE,"{'OS': 'Windows', 'Browser': 'Chrome', 'User Type': 'Teacher'}","{'Industrial Revolution.What': 'Pass', 'Industrial Revolution.When': 'Pass', 'Industrial Revolution.Who': 'Fail', 'Industrial Revolution.Where': 'Pass'}",{'Industrial Revolution': 'When'}
surabhigupta#Deliverable 2A#ChatGPT2,8#5,TRUE,"{'method': 'ocr augmentation', 'subkey': '8#0'}",Where did the indo8tria1 revolution end?,TRUE,"{'OS': 'Windows', 'Browser': 'Chrome', 'User Type': 'Teacher'}","{'Industrial Revolution.What': 'Pass', 'Industrial Revolution.When': 'Pass', 'Industrial Revolution.Who': 'Fail', 'Industrial Revolution.Where': 'Pass'}",{'Industrial Revolution': 'When'}
surabhigupta#Deliverable 2A#ChatGPT2,8#6,TRUE,"{'method': 'keyboard augmentation', 'subkey': '8#0'}",Where did the ibd TAtrial eevolutiiJ end?,TRUE,"{'OS': 'Windows', 'Browser': 'Chrome', 'User Type': 'Teacher'}","{'Industrial Revolution.What': 'Pass', 'Industrial Revolution.When': 'Pass', 'Industrial Revolution.Who': 'Fail', 'Industrial Revolution.Where': 'Pass'}",{'Industrial Revolution': 'When'}
surabhigupta#Deliverable 2A#ChatGPT2,8#7,TRUE,"{'method': 'random char insert', 'subkey': '8#0'}",Wherce did the indcustrdiasl revolution end?,TRUE,"{'OS': 'Windows', 'Browser': 'Chrome', 'User Type': 'Teacher'}","{'Industrial Revolution.What': 'Pass', 'Industrial Revolution.When': 'Pass', 'Industrial Revolution.Who': 'Fail', 'Industrial Revolution.Where': 'Pass'}",{'Industrial Revolution': 'When'}
surabhigupta#Deliverable 2A#ChatGPT2,8#8,TRUE,"{'method': 'random char swap', 'subkey': '8#0'}",Where did the ndiustiral revlouitno end?,TRUE,"{'OS': 'Windows', 'Browser': 'Chrome', 'User Type': 'Teacher'}","{'Industrial Revolution.What': 'Pass', 'Industrial Revolution.When': 'Pass', 'Industrial Revolution.Who': 'Fail', 'Industrial Revolution.Where': 'Pass'}",{'Industrial Revolution': 'When'}
surabhigupta#Deliverable 2A#ChatGPT2,8#9,TRUE,"{'method': 'random char delete', 'subkey': '8#0'}",Whee did the inusial revolution end?,TRUE,"{'OS': 'Windows', 'Browser': 'Chrome', 'User Type': 'Teacher'}","{'Industrial Revolution.What': 'Pass', 'Industrial Revolution.When': 'Pass', 'Industrial Revolution.Who': 'Fail', 'Industrial Revolution.Where': 'Pass'}",{'Industrial Revolution': 'When'}
surabhigupta#Deliverable 2A#ChatGPT2,9#0,FALSE,,Who was a key figure in the revolution?,FALSE,"{'OS': 'Windows', 'Browser': 'Bing', 'User Type': 'Student'}","{'Industrial Revolution.What': 'Pass', 'Industrial Revolution.When': 'Pass', 'Industrial Revolution.Who': 'Pass', 'Industrial Revolution.Where': 'Pass'}",{'Industrial Revolution': 'Who'}
surabhigupta#Deliverable 2A#ChatGPT2,9#1,TRUE,"{'method': 'random word swap', 'subkey': '9#0'}",Who a was key figure in the revolution?,TRUE,"{'OS': 'Windows', 'Browser': 'Bing', 'User Type': 'Student'}","{'Industrial Revolution.What': 'Pass', 'Industrial Revolution.When': 'Pass', 'Industrial Revolution.Who': 'Pass', 'Industrial Revolution.Where': 'Pass'}",{'Industrial Revolution': 'Who'}
surabhigupta#Deliverable 2A#ChatGPT2,9#2,TRUE,"{'method': 'random word delete', 'subkey': '9#0'}",was a figure in the revolution?,TRUE,"{'OS': 'Windows', 'Browser': 'Bing', 'User Type': 'Student'}","{'Industrial Revolution.What': 'Pass', 'Industrial Revolution.When': 'Pass', 'Industrial Revolution.Who': 'Pass', 'Industrial Revolution.Where': 'Pass'}",{'Industrial Revolution': 'Who'}
surabhigupta#Deliverable 2A#ChatGPT2,9#3,TRUE,"{'method': 'random word insert', 'subkey': '9#0'}",Who primal was a key figure in the revolution?,TRUE,"{'OS': 'Windows', 'Browser': 'Bing', 'User Type': 'Student'}","{'Industrial Revolution.What': 'Pass', 'Industrial Revolution.When': 'Pass', 'Industrial Revolution.Who': 'Pass', 'Industrial Revolution.Where': 'Pass'}",{'Industrial Revolution': 'Who'}
surabhigupta#Deliverable 2A#ChatGPT2,9#4,TRUE,"{'method': 'synonym augmentation', 'subkey': '9#0'}",World health organization was a primal figure in the revolution?,TRUE,"{'OS': 'Windows', 'Browser': 'Bing', 'User Type': 'Student'}","{'Industrial Revolution.What': 'Pass', 'Industrial Revolution.When': 'Pass', 'Industrial Revolution.Who': 'Pass', 'Industrial Revolution.Where': 'Pass'}",{'Industrial Revolution': 'Who'}
surabhigupta#Deliverable 2A#ChatGPT2,9#5,TRUE,"{'method': 'ocr augmentation', 'subkey': '9#0'}",Who was a key figure in the kev0luti0n?,TRUE,"{'OS': 'Windows', 'Browser': 'Bing', 'User Type': 'Student'}","{'Industrial Revolution.What': 'Pass', 'Industrial Revolution.When': 'Pass', 'Industrial Revolution.Who': 'Pass', 'Industrial Revolution.Where': 'Pass'}",{'Industrial Revolution': 'Who'}
surabhigupta#Deliverable 2A#ChatGPT2,9#6,TRUE,"{'method': 'keyboard augmentation', 'subkey': '9#0'}",Who was a key fiYure in the r#vol TtioB?,TRUE,"{'OS': 'Windows', 'Browser': 'Bing', 'User Type': 'Student'}","{'Industrial Revolution.What': 'Pass', 'Industrial Revolution.When': 'Pass', 'Industrial Revolution.Who': 'Pass', 'Industrial Revolution.Where': 'Pass'}",{'Industrial Revolution': 'Who'}
surabhigupta#Deliverable 2A#ChatGPT2,9#7,TRUE,"{'method': 'random char insert', 'subkey': '9#0'}",Who was a key figurbe in the (rev@olu4tion?,TRUE,"{'OS': 'Windows', 'Browser': 'Bing', 'User Type': 'Student'}","{'Industrial Revolution.What': 'Pass', 'Industrial Revolution.When': 'Pass', 'Industrial Revolution.Who': 'Pass', 'Industrial Revolution.Where': 'Pass'}",{'Industrial Revolution': 'Who'}
surabhigupta#Deliverable 2A#ChatGPT2,9#8,TRUE,"{'method': 'random char swap', 'subkey': '9#0'}",Who was a key ifgure in the ervlotuion?,TRUE,"{'OS': 'Windows', 'Browser': 'Bing', 'User Type': 'Student'}","{'Industrial Revolution.What': 'Pass', 'Industrial Revolution.When': 'Pass', 'Industrial Revolution.Who': 'Pass', 'Industrial Revolution.Where': 'Pass'}",{'Industrial Revolution': 'Who'}
surabhigupta#Deliverable 2A#ChatGPT2,9#9,TRUE,"{'method': 'random char delete', 'subkey': '9#0'}",Who was a key fiure in the revouon?,TRUE,"{'OS': 'Windows', 'Browser': 'Bing', 'User Type': 'Student'}","{'Industrial Revolution.What': 'Pass', 'Industrial Revolution.When': 'Pass', 'Industrial Revolution.Who': 'Pass', 'Industrial Revolution.Where': 'Pass'}",{'Industrial Revolution': 'Who'}
