pkey,subkey,augment,augmentProfile,input,generate,contextDict,expoutput,inputDict,question_number,pass
trees25#CR US History#CR US History Func,1#0,False,,Who are prominent figures of civil rights?,False,"{'OS': 'Mac', 'Browser': 'chrome', 'User Type': 'Student'}","{'Civil Rights.When': 'undefined', 'Civil Rights.What': 'undefined', 'Civil Rights.Who': 'undefined', 'Civil Rights.Where': 'undefined'}",{'Civil Rights': 'Who'},0,True
trees25#CR US History#CR US History Func,1#1,True,"{'method': 'random word swap', 'subkey': '1#0'}",Who of prominent figures are civil rights?,True,"{'OS': 'Mac', 'Browser': 'chrome', 'User Type': 'Student'}","{'Civil Rights.When': 'undefined', 'Civil Rights.What': 'undefined', 'Civil Rights.Who': 'undefined', 'Civil Rights.Where': 'undefined'}",{'Civil Rights': 'Who'},0,True
trees25#CR US History#CR US History Func,1#2,True,"{'method': 'random word insert', 'subkey': '1#0'}",Who are prominent figures outstanding of civil rights?,True,"{'OS': 'Mac', 'Browser': 'chrome', 'User Type': 'Student'}","{'Civil Rights.When': 'undefined', 'Civil Rights.What': 'undefined', 'Civil Rights.Who': 'undefined', 'Civil Rights.Where': 'undefined'}",{'Civil Rights': 'Who'},0,True
trees25#CR US History#CR US History Func,1#3,True,"{'method': 'random word delete', 'subkey': '1#0'}",are prominent of civil rights?,True,"{'OS': 'Mac', 'Browser': 'chrome', 'User Type': 'Student'}","{'Civil Rights.When': 'undefined', 'Civil Rights.What': 'undefined', 'Civil Rights.Who': 'undefined', 'Civil Rights.Where': 'undefined'}",{'Civil Rights': 'Who'},0,True
trees25#CR US History#CR US History Func,1#4,True,"{'method': 'synonym augmentation', 'subkey': '1#0'}",Who embody prominent figures of civil right?,True,"{'OS': 'Mac', 'Browser': 'chrome', 'User Type': 'Student'}","{'Civil Rights.When': 'undefined', 'Civil Rights.What': 'undefined', 'Civil Rights.Who': 'undefined', 'Civil Rights.Where': 'undefined'}",{'Civil Rights': 'Who'},0,True
trees25#CR US History#CR US History Func,1#5,True,"{'method': 'ocr augmentation', 'subkey': '1#0'}",Wh0 are prominent figures of civil right8?,True,"{'OS': 'Mac', 'Browser': 'chrome', 'User Type': 'Student'}","{'Civil Rights.When': 'undefined', 'Civil Rights.What': 'undefined', 'Civil Rights.Who': 'undefined', 'Civil Rights.Where': 'undefined'}",{'Civil Rights': 'Who'},0,True
trees25#CR US History#CR US History Func,1#6,True,"{'method': 'keyboard augmentation', 'subkey': '1#0'}",Who are prominent f7gurWs of civil #ights?,True,"{'OS': 'Mac', 'Browser': 'chrome', 'User Type': 'Student'}","{'Civil Rights.When': 'undefined', 'Civil Rights.What': 'undefined', 'Civil Rights.Who': 'undefined', 'Civil Rights.Where': 'undefined'}",{'Civil Rights': 'Who'},0,True
trees25#CR US History#CR US History Func,1#7,True,"{'method': 'random char insert', 'subkey': '1#0'}",Who are bprominenwt figures of civDil rights?,True,"{'OS': 'Mac', 'Browser': 'chrome', 'User Type': 'Student'}","{'Civil Rights.When': 'undefined', 'Civil Rights.What': 'undefined', 'Civil Rights.Who': 'undefined', 'Civil Rights.Where': 'undefined'}",{'Civil Rights': 'Who'},0,True
trees25#CR US History#CR US History Func,1#8,True,"{'method': 'random char swap', 'subkey': '1#0'}",Who are prominent figures of cviil rigths?,True,"{'OS': 'Mac', 'Browser': 'chrome', 'User Type': 'Student'}","{'Civil Rights.When': 'undefined', 'Civil Rights.What': 'undefined', 'Civil Rights.Who': 'undefined', 'Civil Rights.Where': 'undefined'}",{'Civil Rights': 'Who'},0,True
trees25#CR US History#CR US History Func,1#9,True,"{'method': 'random char delete', 'subkey': '1#0'}",Who are prominent figures of cvil rihts?,True,"{'OS': 'Mac', 'Browser': 'chrome', 'User Type': 'Student'}","{'Civil Rights.When': 'undefined', 'Civil Rights.What': 'undefined', 'Civil Rights.Who': 'undefined', 'Civil Rights.Where': 'undefined'}",{'Civil Rights': 'Who'},0,True
trees25#CR US History#CR US History Func,10#0,False,,What did MLK say in his speech?,False,"{'OS': 'Mac', 'Browser': 'Microsoft Edge', 'User Type': 'Student'}","{'Civil Rights.When': 'undefined', 'Civil Rights.What': 'undefined', 'Civil Rights.Who': 'undefined', 'Civil Rights.Where': 'undefined'}",{'Civil Rights': 'What'},1,True
trees25#CR US History#CR US History Func,10#1,True,"{'method': 'random word swap', 'subkey': '10#0'}",What in MLK say did his speech?,True,"{'OS': 'Mac', 'Browser': 'Microsoft Edge', 'User Type': 'Student'}","{'Civil Rights.When': 'undefined', 'Civil Rights.What': 'undefined', 'Civil Rights.Who': 'undefined', 'Civil Rights.Where': 'undefined'}",{'Civil Rights': 'What'},1,True
trees25#CR US History#CR US History Func,10#2,True,"{'method': 'random word delete', 'subkey': '10#0'}",did MLK in his speech?,True,"{'OS': 'Mac', 'Browser': 'Microsoft Edge', 'User Type': 'Student'}","{'Civil Rights.When': 'undefined', 'Civil Rights.What': 'undefined', 'Civil Rights.Who': 'undefined', 'Civil Rights.Where': 'undefined'}",{'Civil Rights': 'What'},1,True
trees25#CR US History#CR US History Func,10#3,True,"{'method': 'random word insert', 'subkey': '10#0'}",aver What did MLK say in his speech?,True,"{'OS': 'Mac', 'Browser': 'Microsoft Edge', 'User Type': 'Student'}","{'Civil Rights.When': 'undefined', 'Civil Rights.What': 'undefined', 'Civil Rights.Who': 'undefined', 'Civil Rights.Where': 'undefined'}",{'Civil Rights': 'What'},1,True
trees25#CR US History#CR US History Func,10#4,True,"{'method': 'synonym augmentation', 'subkey': '10#0'}",What did MLK tell in his talking to?,True,"{'OS': 'Mac', 'Browser': 'Microsoft Edge', 'User Type': 'Student'}","{'Civil Rights.When': 'undefined', 'Civil Rights.What': 'undefined', 'Civil Rights.Who': 'undefined', 'Civil Rights.Where': 'undefined'}",{'Civil Rights': 'What'},1,True
trees25#CR US History#CR US History Func,10#5,True,"{'method': 'ocr augmentation', 'subkey': '10#0'}",What did MLK say in his 8peech?,True,"{'OS': 'Mac', 'Browser': 'Microsoft Edge', 'User Type': 'Student'}","{'Civil Rights.When': 'undefined', 'Civil Rights.What': 'undefined', 'Civil Rights.Who': 'undefined', 'Civil Rights.Where': 'undefined'}",{'Civil Rights': 'What'},1,True
trees25#CR US History#CR US History Func,10#6,True,"{'method': 'keyboard augmentation', 'subkey': '10#0'}",Whah did MLK say in his speeDh?,True,"{'OS': 'Mac', 'Browser': 'Microsoft Edge', 'User Type': 'Student'}","{'Civil Rights.When': 'undefined', 'Civil Rights.What': 'undefined', 'Civil Rights.Who': 'undefined', 'Civil Rights.Where': 'undefined'}",{'Civil Rights': 'What'},1,True
trees25#CR US History#CR US History Func,10#7,True,"{'method': 'random char insert', 'subkey': '10#0'}",WNhat did MLK say in his spDeech?,True,"{'OS': 'Mac', 'Browser': 'Microsoft Edge', 'User Type': 'Student'}","{'Civil Rights.When': 'undefined', 'Civil Rights.What': 'undefined', 'Civil Rights.Who': 'undefined', 'Civil Rights.Where': 'undefined'}",{'Civil Rights': 'What'},1,True
trees25#CR US History#CR US History Func,10#8,True,"{'method': 'random char swap', 'subkey': '10#0'}",Hwat did MLK say in his speehc?,True,"{'OS': 'Mac', 'Browser': 'Microsoft Edge', 'User Type': 'Student'}","{'Civil Rights.When': 'undefined', 'Civil Rights.What': 'undefined', 'Civil Rights.Who': 'undefined', 'Civil Rights.Where': 'undefined'}",{'Civil Rights': 'What'},1,True
trees25#CR US History#CR US History Func,10#9,True,"{'method': 'random char delete', 'subkey': '10#0'}",Wat did MLK say in his spech?,True,"{'OS': 'Mac', 'Browser': 'Microsoft Edge', 'User Type': 'Student'}","{'Civil Rights.When': 'undefined', 'Civil Rights.What': 'undefined', 'Civil Rights.Who': 'undefined', 'Civil Rights.Where': 'undefined'}",{'Civil Rights': 'What'},1,True
trees25#CR US History#CR US History Func,11#0,False,,When did some of the most prominent riots of the Civil Rights movement happen?,False,"{'OS': 'Mac', 'Browser': 'Microsoft Edge', 'User Type': 'Student'}","{'Civil Rights.When': 'undefined', 'Civil Rights.What': 'undefined', 'Civil Rights.Who': 'undefined', 'Civil Rights.Where': 'undefined'}",{'Civil Rights': 'When'},2,False
trees25#CR US History#CR US History Func,11#1,True,"{'method': 'random word swap', 'subkey': '11#0'}",When did the of the most prominent riots of some Civil Rights movement happen?,True,"{'OS': 'Mac', 'Browser': 'Microsoft Edge', 'User Type': 'Student'}","{'Civil Rights.When': 'undefined', 'Civil Rights.What': 'undefined', 'Civil Rights.Who': 'undefined', 'Civil Rights.Where': 'undefined'}",{'Civil Rights': 'When'},2,False
trees25#CR US History#CR US History Func,11#2,True,"{'method': 'random word delete', 'subkey': '11#0'}",did some the most prominent riots Civil Rights movement,True,"{'OS': 'Mac', 'Browser': 'Microsoft Edge', 'User Type': 'Student'}","{'Civil Rights.When': 'undefined', 'Civil Rights.What': 'undefined', 'Civil Rights.Who': 'undefined', 'Civil Rights.Where': 'undefined'}",{'Civil Rights': 'When'},2,False
trees25#CR US History#CR US History Func,11#3,True,"{'method': 'random word insert', 'subkey': '11#0'}",When did some of the most prominent riots of outstanding the Civil Rights movement happen?,True,"{'OS': 'Mac', 'Browser': 'Microsoft Edge', 'User Type': 'Student'}","{'Civil Rights.When': 'undefined', 'Civil Rights.What': 'undefined', 'Civil Rights.Who': 'undefined', 'Civil Rights.Where': 'undefined'}",{'Civil Rights': 'When'},2,False
trees25#CR US History#CR US History Func,11#4,True,"{'method': 'synonym augmentation', 'subkey': '11#0'}",When serve some of the most salient riots of the Civil Rights movement find?,True,"{'OS': 'Mac', 'Browser': 'Microsoft Edge', 'User Type': 'Student'}","{'Civil Rights.When': 'undefined', 'Civil Rights.What': 'undefined', 'Civil Rights.Who': 'undefined', 'Civil Rights.Where': 'undefined'}",{'Civil Rights': 'When'},2,False
trees25#CR US History#CR US History Func,11#5,True,"{'method': 'ocr augmentation', 'subkey': '11#0'}",When did some 0f the most prominent riuts of the Civil Rights m0vement happen?,True,"{'OS': 'Mac', 'Browser': 'Microsoft Edge', 'User Type': 'Student'}","{'Civil Rights.When': 'undefined', 'Civil Rights.What': 'undefined', 'Civil Rights.Who': 'undefined', 'Civil Rights.Where': 'undefined'}",{'Civil Rights': 'When'},2,False
trees25#CR US History#CR US History Func,11#6,True,"{'method': 'keyboard augmentation', 'subkey': '11#0'}",!hen did qome of the mIst orojinent riots of the Civil Rights movement happen?,True,"{'OS': 'Mac', 'Browser': 'Microsoft Edge', 'User Type': 'Student'}","{'Civil Rights.When': 'undefined', 'Civil Rights.What': 'undefined', 'Civil Rights.Who': 'undefined', 'Civil Rights.Where': 'undefined'}",{'Civil Rights': 'When'},2,False
trees25#CR US History#CR US History Func,11#7,True,"{'method': 'random char insert', 'subkey': '11#0'}",When did s6ome of the moCst plrominXent riots of the Civil Rights movement qhappen?,True,"{'OS': 'Mac', 'Browser': 'Microsoft Edge', 'User Type': 'Student'}","{'Civil Rights.When': 'undefined', 'Civil Rights.What': 'undefined', 'Civil Rights.Who': 'undefined', 'Civil Rights.Where': 'undefined'}",{'Civil Rights': 'When'},2,False
trees25#CR US History#CR US History Func,11#8,True,"{'method': 'random char swap', 'subkey': '11#0'}",When did some of the most prominent roits of the Civli Righst movement happen?,True,"{'OS': 'Mac', 'Browser': 'Microsoft Edge', 'User Type': 'Student'}","{'Civil Rights.When': 'undefined', 'Civil Rights.What': 'undefined', 'Civil Rights.Who': 'undefined', 'Civil Rights.Where': 'undefined'}",{'Civil Rights': 'When'},2,False
trees25#CR US History#CR US History Func,11#9,True,"{'method': 'random char delete', 'subkey': '11#0'}",When did some of the mot prominent iots of the Civil Rigts mvemet happen?,True,"{'OS': 'Mac', 'Browser': 'Microsoft Edge', 'User Type': 'Student'}","{'Civil Rights.When': 'undefined', 'Civil Rights.What': 'undefined', 'Civil Rights.Who': 'undefined', 'Civil Rights.Where': 'undefined'}",{'Civil Rights': 'When'},2,False
trees25#CR US History#CR US History Func,12#0,False,,Where did MLK make his famous speech?,False,"{'OS': 'Mac', 'Browser': 'Microsoft Edge', 'User Type': 'Student'}","{'Civil Rights.When': 'undefined', 'Civil Rights.What': 'undefined', 'Civil Rights.Who': 'undefined', 'Civil Rights.Where': 'undefined'}",{'Civil Rights': 'Where'},3,
trees25#CR US History#CR US History Func,12#1,True,"{'method': 'random word swap', 'subkey': '12#0'}",Where his MLK make did famous speech?,True,"{'OS': 'Mac', 'Browser': 'Microsoft Edge', 'User Type': 'Student'}","{'Civil Rights.When': 'undefined', 'Civil Rights.What': 'undefined', 'Civil Rights.Who': 'undefined', 'Civil Rights.Where': 'undefined'}",{'Civil Rights': 'Where'},3,
trees25#CR US History#CR US History Func,12#2,True,"{'method': 'random word delete', 'subkey': '12#0'}",did MLK his famous speech?,True,"{'OS': 'Mac', 'Browser': 'Microsoft Edge', 'User Type': 'Student'}","{'Civil Rights.When': 'undefined', 'Civil Rights.What': 'undefined', 'Civil Rights.Who': 'undefined', 'Civil Rights.Where': 'undefined'}",{'Civil Rights': 'Where'},3,
trees25#CR US History#CR US History Func,12#3,True,"{'method': 'random word insert', 'subkey': '12#0'}",build Where did MLK make his famous speech?,True,"{'OS': 'Mac', 'Browser': 'Microsoft Edge', 'User Type': 'Student'}","{'Civil Rights.When': 'undefined', 'Civil Rights.What': 'undefined', 'Civil Rights.Who': 'undefined', 'Civil Rights.Where': 'undefined'}",{'Civil Rights': 'Where'},3,
trees25#CR US History#CR US History Func,12#4,True,"{'method': 'synonym augmentation', 'subkey': '12#0'}",Where did MLK score his famous talking to?,True,"{'OS': 'Mac', 'Browser': 'Microsoft Edge', 'User Type': 'Student'}","{'Civil Rights.When': 'undefined', 'Civil Rights.What': 'undefined', 'Civil Rights.Who': 'undefined', 'Civil Rights.Where': 'undefined'}",{'Civil Rights': 'Where'},3,
trees25#CR US History#CR US History Func,12#5,True,"{'method': 'ocr augmentation', 'subkey': '12#0'}",Where did MLK make his famous 8peech?,True,"{'OS': 'Mac', 'Browser': 'Microsoft Edge', 'User Type': 'Student'}","{'Civil Rights.When': 'undefined', 'Civil Rights.What': 'undefined', 'Civil Rights.Who': 'undefined', 'Civil Rights.Where': 'undefined'}",{'Civil Rights': 'Where'},3,
trees25#CR US History#CR US History Func,12#6,True,"{'method': 'keyboard augmentation', 'subkey': '12#0'}",Whefe did MLK make his famous speeDh?,True,"{'OS': 'Mac', 'Browser': 'Microsoft Edge', 'User Type': 'Student'}","{'Civil Rights.When': 'undefined', 'Civil Rights.What': 'undefined', 'Civil Rights.Who': 'undefined', 'Civil Rights.Where': 'undefined'}",{'Civil Rights': 'Where'},3,
trees25#CR US History#CR US History Func,12#7,True,"{'method': 'random char insert', 'subkey': '12#0'}",Where did MLK mNake his famous spDeech?,True,"{'OS': 'Mac', 'Browser': 'Microsoft Edge', 'User Type': 'Student'}","{'Civil Rights.When': 'undefined', 'Civil Rights.What': 'undefined', 'Civil Rights.Who': 'undefined', 'Civil Rights.Where': 'undefined'}",{'Civil Rights': 'Where'},3,
trees25#CR US History#CR US History Func,12#8,True,"{'method': 'random char swap', 'subkey': '12#0'}",Wheer did MLK make his famous speech?,True,"{'OS': 'Mac', 'Browser': 'Microsoft Edge', 'User Type': 'Student'}","{'Civil Rights.When': 'undefined', 'Civil Rights.What': 'undefined', 'Civil Rights.Who': 'undefined', 'Civil Rights.Where': 'undefined'}",{'Civil Rights': 'Where'},3,
trees25#CR US History#CR US History Func,12#9,True,"{'method': 'random char delete', 'subkey': '12#0'}",Were did MLK make his famus speech?,True,"{'OS': 'Mac', 'Browser': 'Microsoft Edge', 'User Type': 'Student'}","{'Civil Rights.When': 'undefined', 'Civil Rights.What': 'undefined', 'Civil Rights.Who': 'undefined', 'Civil Rights.Where': 'undefined'}",{'Civil Rights': 'Where'},3,
trees25#CR US History#CR US History Func,13#0,False,,Who was the president during the civil rights movement?,False,"{'OS': 'Mac', 'Browser': 'Microsoft Edge', 'User Type': 'Teacher'}","{'Civil Rights.When': 'undefined', 'Civil Rights.What': 'undefined', 'Civil Rights.Who': 'undefined', 'Civil Rights.Where': 'undefined'}",{'Civil Rights': 'Who'},4,
trees25#CR US History#CR US History Func,13#1,True,"{'method': 'random word swap', 'subkey': '13#0'}",Who the was president during the civil rights movement?,True,"{'OS': 'Mac', 'Browser': 'Microsoft Edge', 'User Type': 'Teacher'}","{'Civil Rights.When': 'undefined', 'Civil Rights.What': 'undefined', 'Civil Rights.Who': 'undefined', 'Civil Rights.Where': 'undefined'}",{'Civil Rights': 'Who'},4,
trees25#CR US History#CR US History Func,13#2,True,"{'method': 'random word delete', 'subkey': '13#0'}",was the during the civil rights,True,"{'OS': 'Mac', 'Browser': 'Microsoft Edge', 'User Type': 'Teacher'}","{'Civil Rights.When': 'undefined', 'Civil Rights.What': 'undefined', 'Civil Rights.Who': 'undefined', 'Civil Rights.Where': 'undefined'}",{'Civil Rights': 'Who'},4,
trees25#CR US History#CR US History Func,13#3,True,"{'method': 'random word insert', 'subkey': '13#0'}",Who prexy was the president during the civil rights movement?,True,"{'OS': 'Mac', 'Browser': 'Microsoft Edge', 'User Type': 'Teacher'}","{'Civil Rights.When': 'undefined', 'Civil Rights.What': 'undefined', 'Civil Rights.Who': 'undefined', 'Civil Rights.Where': 'undefined'}",{'Civil Rights': 'Who'},4,
trees25#CR US History#CR US History Func,13#4,True,"{'method': 'synonym augmentation', 'subkey': '13#0'}",World health organization was the prexy during the civil rights movement?,True,"{'OS': 'Mac', 'Browser': 'Microsoft Edge', 'User Type': 'Teacher'}","{'Civil Rights.When': 'undefined', 'Civil Rights.What': 'undefined', 'Civil Rights.Who': 'undefined', 'Civil Rights.Where': 'undefined'}",{'Civil Rights': 'Who'},4,
trees25#CR US History#CR US History Func,13#5,True,"{'method': 'ocr augmentation', 'subkey': '13#0'}",Who wa8 the pke8ident during the civi1 rights movement?,True,"{'OS': 'Mac', 'Browser': 'Microsoft Edge', 'User Type': 'Teacher'}","{'Civil Rights.When': 'undefined', 'Civil Rights.What': 'undefined', 'Civil Rights.Who': 'undefined', 'Civil Rights.Where': 'undefined'}",{'Civil Rights': 'Who'},4,
trees25#CR US History#CR US History Func,13#6,True,"{'method': 'keyboard augmentation', 'subkey': '13#0'}",Who was the (residen$ durJng the civil rights movem#jt?,True,"{'OS': 'Mac', 'Browser': 'Microsoft Edge', 'User Type': 'Teacher'}","{'Civil Rights.When': 'undefined', 'Civil Rights.What': 'undefined', 'Civil Rights.Who': 'undefined', 'Civil Rights.Where': 'undefined'}",{'Civil Rights': 'Who'},4,
trees25#CR US History#CR US History Func,13#7,True,"{'method': 'random char insert', 'subkey': '13#0'}",Who was the president duridng the civil ridghts movleme6nt?,True,"{'OS': 'Mac', 'Browser': 'Microsoft Edge', 'User Type': 'Teacher'}","{'Civil Rights.When': 'undefined', 'Civil Rights.What': 'undefined', 'Civil Rights.Who': 'undefined', 'Civil Rights.Where': 'undefined'}",{'Civil Rights': 'Who'},4,
trees25#CR US History#CR US History Func,13#8,True,"{'method': 'random char swap', 'subkey': '13#0'}",Who was the pesrident during the ciivl rihgts movement?,True,"{'OS': 'Mac', 'Browser': 'Microsoft Edge', 'User Type': 'Teacher'}","{'Civil Rights.When': 'undefined', 'Civil Rights.What': 'undefined', 'Civil Rights.Who': 'undefined', 'Civil Rights.Where': 'undefined'}",{'Civil Rights': 'Who'},4,
trees25#CR US History#CR US History Func,13#9,True,"{'method': 'random char delete', 'subkey': '13#0'}",Who was the preidnt durng the civil right movement?,True,"{'OS': 'Mac', 'Browser': 'Microsoft Edge', 'User Type': 'Teacher'}","{'Civil Rights.When': 'undefined', 'Civil Rights.What': 'undefined', 'Civil Rights.Who': 'undefined', 'Civil Rights.Where': 'undefined'}",{'Civil Rights': 'Who'},4,
trees25#CR US History#CR US History Func,14#0,False,,What triggered the movement?,False,"{'OS': 'Mac', 'Browser': 'Microsoft Edge', 'User Type': 'Teacher'}","{'Civil Rights.When': 'undefined', 'Civil Rights.What': 'undefined', 'Civil Rights.Who': 'undefined', 'Civil Rights.Where': 'undefined'}",{'Civil Rights': 'What'},5,
trees25#CR US History#CR US History Func,14#1,True,"{'method': 'random word swap', 'subkey': '14#0'}",triggered What the movement?,True,"{'OS': 'Mac', 'Browser': 'Microsoft Edge', 'User Type': 'Teacher'}","{'Civil Rights.When': 'undefined', 'Civil Rights.What': 'undefined', 'Civil Rights.Who': 'undefined', 'Civil Rights.Where': 'undefined'}",{'Civil Rights': 'What'},5,
trees25#CR US History#CR US History Func,14#2,True,"{'method': 'random word delete', 'subkey': '14#0'}",triggered the,True,"{'OS': 'Mac', 'Browser': 'Microsoft Edge', 'User Type': 'Teacher'}","{'Civil Rights.When': 'undefined', 'Civil Rights.What': 'undefined', 'Civil Rights.Who': 'undefined', 'Civil Rights.Where': 'undefined'}",{'Civil Rights': 'What'},5,
trees25#CR US History#CR US History Func,14#3,True,"{'method': 'random word insert', 'subkey': '14#0'}",spark off What triggered the movement?,True,"{'OS': 'Mac', 'Browser': 'Microsoft Edge', 'User Type': 'Teacher'}","{'Civil Rights.When': 'undefined', 'Civil Rights.What': 'undefined', 'Civil Rights.Who': 'undefined', 'Civil Rights.Where': 'undefined'}",{'Civil Rights': 'What'},5,
trees25#CR US History#CR US History Func,14#4,True,"{'method': 'synonym augmentation', 'subkey': '14#0'}",What trigger off the movement?,True,"{'OS': 'Mac', 'Browser': 'Microsoft Edge', 'User Type': 'Teacher'}","{'Civil Rights.When': 'undefined', 'Civil Rights.What': 'undefined', 'Civil Rights.Who': 'undefined', 'Civil Rights.Where': 'undefined'}",{'Civil Rights': 'What'},5,
trees25#CR US History#CR US History Func,14#5,True,"{'method': 'ocr augmentation', 'subkey': '14#0'}",What triggered the muvement?,True,"{'OS': 'Mac', 'Browser': 'Microsoft Edge', 'User Type': 'Teacher'}","{'Civil Rights.When': 'undefined', 'Civil Rights.What': 'undefined', 'Civil Rights.Who': 'undefined', 'Civil Rights.Where': 'undefined'}",{'Civil Rights': 'What'},5,
trees25#CR US History#CR US History Func,14#6,True,"{'method': 'keyboard augmentation', 'subkey': '14#0'}",Wha$ triggered the movement?,True,"{'OS': 'Mac', 'Browser': 'Microsoft Edge', 'User Type': 'Teacher'}","{'Civil Rights.When': 'undefined', 'Civil Rights.What': 'undefined', 'Civil Rights.Who': 'undefined', 'Civil Rights.Where': 'undefined'}",{'Civil Rights': 'What'},5,
trees25#CR US History#CR US History Func,14#7,True,"{'method': 'random char insert', 'subkey': '14#0'}",What itrigge5red the movement?,True,"{'OS': 'Mac', 'Browser': 'Microsoft Edge', 'User Type': 'Teacher'}","{'Civil Rights.When': 'undefined', 'Civil Rights.What': 'undefined', 'Civil Rights.Who': 'undefined', 'Civil Rights.Where': 'undefined'}",{'Civil Rights': 'What'},5,
trees25#CR US History#CR US History Func,14#8,True,"{'method': 'random char swap', 'subkey': '14#0'}",What triggered the moemvent?,True,"{'OS': 'Mac', 'Browser': 'Microsoft Edge', 'User Type': 'Teacher'}","{'Civil Rights.When': 'undefined', 'Civil Rights.What': 'undefined', 'Civil Rights.Who': 'undefined', 'Civil Rights.Where': 'undefined'}",{'Civil Rights': 'What'},5,
trees25#CR US History#CR US History Func,14#9,True,"{'method': 'random char delete', 'subkey': '14#0'}",hat triggered the movement?,True,"{'OS': 'Mac', 'Browser': 'Microsoft Edge', 'User Type': 'Teacher'}","{'Civil Rights.When': 'undefined', 'Civil Rights.What': 'undefined', 'Civil Rights.Who': 'undefined', 'Civil Rights.Where': 'undefined'}",{'Civil Rights': 'What'},5,
trees25#CR US History#CR US History Func,15#0,False,,When did Ruby Bridges do her famous protest?,False,"{'OS': 'Mac', 'Browser': 'Microsoft Edge', 'User Type': 'Teacher'}","{'Civil Rights.When': 'undefined', 'Civil Rights.What': 'undefined', 'Civil Rights.Who': 'undefined', 'Civil Rights.Where': 'undefined'}",{'Civil Rights': 'When'},6,
trees25#CR US History#CR US History Func,15#1,True,"{'method': 'random word swap', 'subkey': '15#0'}",When Ruby did Bridges do her famous protest?,True,"{'OS': 'Mac', 'Browser': 'Microsoft Edge', 'User Type': 'Teacher'}","{'Civil Rights.When': 'undefined', 'Civil Rights.What': 'undefined', 'Civil Rights.Who': 'undefined', 'Civil Rights.Where': 'undefined'}",{'Civil Rights': 'When'},6,
trees25#CR US History#CR US History Func,15#2,True,"{'method': 'random word delete', 'subkey': '15#0'}",did Ruby do her famous protest?,True,"{'OS': 'Mac', 'Browser': 'Microsoft Edge', 'User Type': 'Teacher'}","{'Civil Rights.When': 'undefined', 'Civil Rights.What': 'undefined', 'Civil Rights.Who': 'undefined', 'Civil Rights.Where': 'undefined'}",{'Civil Rights': 'When'},6,
trees25#CR US History#CR US History Func,15#3,True,"{'method': 'random word insert', 'subkey': '15#0'}",When red did Ruby Bridges do her famous protest?,True,"{'OS': 'Mac', 'Browser': 'Microsoft Edge', 'User Type': 'Teacher'}","{'Civil Rights.When': 'undefined', 'Civil Rights.What': 'undefined', 'Civil Rights.Who': 'undefined', 'Civil Rights.Where': 'undefined'}",{'Civil Rights': 'When'},6,
trees25#CR US History#CR US History Func,15#4,True,"{'method': 'synonym augmentation', 'subkey': '15#0'}",When did Ruby Bridges serve her famous protest?,True,"{'OS': 'Mac', 'Browser': 'Microsoft Edge', 'User Type': 'Teacher'}","{'Civil Rights.When': 'undefined', 'Civil Rights.What': 'undefined', 'Civil Rights.Who': 'undefined', 'Civil Rights.Where': 'undefined'}",{'Civil Rights': 'When'},6,
trees25#CR US History#CR US History Func,15#5,True,"{'method': 'ocr augmentation', 'subkey': '15#0'}",When did Ruby Bridges do her famous prute8t?,True,"{'OS': 'Mac', 'Browser': 'Microsoft Edge', 'User Type': 'Teacher'}","{'Civil Rights.When': 'undefined', 'Civil Rights.What': 'undefined', 'Civil Rights.Who': 'undefined', 'Civil Rights.Where': 'undefined'}",{'Civil Rights': 'When'},6,
trees25#CR US History#CR US History Func,15#6,True,"{'method': 'keyboard augmentation', 'subkey': '15#0'}",Wheg did Ruby Bridges do her famo Ts protest?,True,"{'OS': 'Mac', 'Browser': 'Microsoft Edge', 'User Type': 'Teacher'}","{'Civil Rights.When': 'undefined', 'Civil Rights.What': 'undefined', 'Civil Rights.Who': 'undefined', 'Civil Rights.Where': 'undefined'}",{'Civil Rights': 'When'},6,
trees25#CR US History#CR US History Func,15#7,True,"{'method': 'random char insert', 'subkey': '15#0'}",When did Ruby BoridgNes do her Cfamous protest?,True,"{'OS': 'Mac', 'Browser': 'Microsoft Edge', 'User Type': 'Teacher'}","{'Civil Rights.When': 'undefined', 'Civil Rights.What': 'undefined', 'Civil Rights.Who': 'undefined', 'Civil Rights.Where': 'undefined'}",{'Civil Rights': 'When'},6,
trees25#CR US History#CR US History Func,15#8,True,"{'method': 'random char swap', 'subkey': '15#0'}",Whne did Ruby Bridges do her famous prtoset?,True,"{'OS': 'Mac', 'Browser': 'Microsoft Edge', 'User Type': 'Teacher'}","{'Civil Rights.When': 'undefined', 'Civil Rights.What': 'undefined', 'Civil Rights.Who': 'undefined', 'Civil Rights.Where': 'undefined'}",{'Civil Rights': 'When'},6,
trees25#CR US History#CR US History Func,15#9,True,"{'method': 'random char delete', 'subkey': '15#0'}",When did Ruy Bridges do her fmous protest?,True,"{'OS': 'Mac', 'Browser': 'Microsoft Edge', 'User Type': 'Teacher'}","{'Civil Rights.When': 'undefined', 'Civil Rights.What': 'undefined', 'Civil Rights.Who': 'undefined', 'Civil Rights.Where': 'undefined'}",{'Civil Rights': 'When'},6,
trees25#CR US History#CR US History Func,16#0,False,,Where did the most prominent leaders locate them selves during the civil rights movement?,False,"{'OS': 'Mac', 'Browser': 'Microsoft Edge', 'User Type': 'Teacher'}","{'Civil Rights.When': 'undefined', 'Civil Rights.What': 'undefined', 'Civil Rights.Who': 'undefined', 'Civil Rights.Where': 'undefined'}",{'Civil Rights': 'Where'},7,
trees25#CR US History#CR US History Func,16#1,True,"{'method': 'random word swap', 'subkey': '16#0'}",Where did during most prominent leaders locate them selves the the civil rights movement?,True,"{'OS': 'Mac', 'Browser': 'Microsoft Edge', 'User Type': 'Teacher'}","{'Civil Rights.When': 'undefined', 'Civil Rights.What': 'undefined', 'Civil Rights.Who': 'undefined', 'Civil Rights.Where': 'undefined'}",{'Civil Rights': 'Where'},7,
trees25#CR US History#CR US History Func,16#2,True,"{'method': 'random word delete', 'subkey': '16#0'}",did the prominent leaders locate them the civil rights,True,"{'OS': 'Mac', 'Browser': 'Microsoft Edge', 'User Type': 'Teacher'}","{'Civil Rights.When': 'undefined', 'Civil Rights.What': 'undefined', 'Civil Rights.Who': 'undefined', 'Civil Rights.Where': 'undefined'}",{'Civil Rights': 'Where'},7,
trees25#CR US History#CR US History Func,16#3,True,"{'method': 'random word insert', 'subkey': '16#0'}",Where did the most prominent leaders locate them selves drawing card during the civil rights movement?,True,"{'OS': 'Mac', 'Browser': 'Microsoft Edge', 'User Type': 'Teacher'}","{'Civil Rights.When': 'undefined', 'Civil Rights.What': 'undefined', 'Civil Rights.Who': 'undefined', 'Civil Rights.Where': 'undefined'}",{'Civil Rights': 'Where'},7,
trees25#CR US History#CR US History Func,16#4,True,"{'method': 'synonym augmentation', 'subkey': '16#0'}",Where serve the most prominent loss leader locate them selves during the civil rights effort?,True,"{'OS': 'Mac', 'Browser': 'Microsoft Edge', 'User Type': 'Teacher'}","{'Civil Rights.When': 'undefined', 'Civil Rights.What': 'undefined', 'Civil Rights.Who': 'undefined', 'Civil Rights.Where': 'undefined'}",{'Civil Rights': 'Where'},7,
trees25#CR US History#CR US History Func,16#5,True,"{'method': 'ocr augmentation', 'subkey': '16#0'}",Where did the m0st prominent leaders locate them selves during the civil ri9hts movement?,True,"{'OS': 'Mac', 'Browser': 'Microsoft Edge', 'User Type': 'Teacher'}","{'Civil Rights.When': 'undefined', 'Civil Rights.What': 'undefined', 'Civil Rights.Who': 'undefined', 'Civil Rights.Where': 'undefined'}",{'Civil Rights': 'Where'},7,
trees25#CR US History#CR US History Func,16#6,True,"{'method': 'keyboard augmentation', 'subkey': '16#0'}","Where did the moAt prominent ,eaderq locatD them selves dur&ng the civil rights movement?",True,"{'OS': 'Mac', 'Browser': 'Microsoft Edge', 'User Type': 'Teacher'}","{'Civil Rights.When': 'undefined', 'Civil Rights.What': 'undefined', 'Civil Rights.Who': 'undefined', 'Civil Rights.Where': 'undefined'}",{'Civil Rights': 'Where'},7,
trees25#CR US History#CR US History Func,16#7,True,"{'method': 'random char insert', 'subkey': '16#0'}",Where did the most prominent ldeadsers locate them selves durincg the civlil rights Mmov)ement?,True,"{'OS': 'Mac', 'Browser': 'Microsoft Edge', 'User Type': 'Teacher'}","{'Civil Rights.When': 'undefined', 'Civil Rights.What': 'undefined', 'Civil Rights.Who': 'undefined', 'Civil Rights.Where': 'undefined'}",{'Civil Rights': 'Where'},7,
trees25#CR US History#CR US History Func,16#8,True,"{'method': 'random char swap', 'subkey': '16#0'}",Where did the mots proinment leaders loacte thme selves during the civil rights movement?,True,"{'OS': 'Mac', 'Browser': 'Microsoft Edge', 'User Type': 'Teacher'}","{'Civil Rights.When': 'undefined', 'Civil Rights.What': 'undefined', 'Civil Rights.Who': 'undefined', 'Civil Rights.Where': 'undefined'}",{'Civil Rights': 'Where'},7,
trees25#CR US History#CR US History Func,16#9,True,"{'method': 'random char delete', 'subkey': '16#0'}",Where did the mos prominent leaders locate hem selves during the cvil rights moemet?,True,"{'OS': 'Mac', 'Browser': 'Microsoft Edge', 'User Type': 'Teacher'}","{'Civil Rights.When': 'undefined', 'Civil Rights.What': 'undefined', 'Civil Rights.Who': 'undefined', 'Civil Rights.Where': 'undefined'}",{'Civil Rights': 'Where'},7,
trees25#CR US History#CR US History Func,17#0,False,,Who was the president during the end of the civil rights movement?,False,"{'OS': 'Mac', 'Browser': 'Firefox', 'User Type': 'Student'}","{'Civil Rights.When': 'undefined', 'Civil Rights.What': 'undefined', 'Civil Rights.Who': 'undefined', 'Civil Rights.Where': 'undefined'}",{'Civil Rights': 'Who'},8,
trees25#CR US History#CR US History Func,17#1,True,"{'method': 'random word swap', 'subkey': '17#0'}",Who was civil president during the end of the the rights movement?,True,"{'OS': 'Mac', 'Browser': 'Firefox', 'User Type': 'Student'}","{'Civil Rights.When': 'undefined', 'Civil Rights.What': 'undefined', 'Civil Rights.Who': 'undefined', 'Civil Rights.Where': 'undefined'}",{'Civil Rights': 'Who'},8,
trees25#CR US History#CR US History Func,17#2,True,"{'method': 'random word delete', 'subkey': '17#0'}",was the during the end of rights movement?,True,"{'OS': 'Mac', 'Browser': 'Firefox', 'User Type': 'Student'}","{'Civil Rights.When': 'undefined', 'Civil Rights.What': 'undefined', 'Civil Rights.Who': 'undefined', 'Civil Rights.Where': 'undefined'}",{'Civil Rights': 'Who'},8,
trees25#CR US History#CR US History Func,17#3,True,"{'method': 'random word insert', 'subkey': '17#0'}",Who was the president during the end of the prexy civil rights movement?,True,"{'OS': 'Mac', 'Browser': 'Firefox', 'User Type': 'Student'}","{'Civil Rights.When': 'undefined', 'Civil Rights.What': 'undefined', 'Civil Rights.Who': 'undefined', 'Civil Rights.Where': 'undefined'}",{'Civil Rights': 'Who'},8,
trees25#CR US History#CR US History Func,17#4,True,"{'method': 'synonym augmentation', 'subkey': '17#0'}",World health organization embody the president during the remnant of the civil rights movement?,True,"{'OS': 'Mac', 'Browser': 'Firefox', 'User Type': 'Student'}","{'Civil Rights.When': 'undefined', 'Civil Rights.What': 'undefined', 'Civil Rights.Who': 'undefined', 'Civil Rights.Where': 'undefined'}",{'Civil Rights': 'Who'},8,
trees25#CR US History#CR US History Func,17#5,True,"{'method': 'ocr augmentation', 'subkey': '17#0'}",Who was the president during the end uf the civil ri9hts movement?,True,"{'OS': 'Mac', 'Browser': 'Firefox', 'User Type': 'Student'}","{'Civil Rights.When': 'undefined', 'Civil Rights.What': 'undefined', 'Civil Rights.Who': 'undefined', 'Civil Rights.Where': 'undefined'}",{'Civil Rights': 'Who'},8,
trees25#CR US History#CR US History Func,17#6,True,"{'method': 'keyboard augmentation', 'subkey': '17#0'}",Who was the president during the end of the sivil riYhts m(Bement?,True,"{'OS': 'Mac', 'Browser': 'Firefox', 'User Type': 'Student'}","{'Civil Rights.When': 'undefined', 'Civil Rights.What': 'undefined', 'Civil Rights.Who': 'undefined', 'Civil Rights.Where': 'undefined'}",{'Civil Rights': 'Who'},8,
trees25#CR US History#CR US History Func,17#7,True,"{'method': 'random char insert', 'subkey': '17#0'}",Who was the pre^sidDent d4uring the end of the civil rights movesmendt?,True,"{'OS': 'Mac', 'Browser': 'Firefox', 'User Type': 'Student'}","{'Civil Rights.When': 'undefined', 'Civil Rights.What': 'undefined', 'Civil Rights.Who': 'undefined', 'Civil Rights.Where': 'undefined'}",{'Civil Rights': 'Who'},8,
trees25#CR US History#CR US History Func,17#8,True,"{'method': 'random char swap', 'subkey': '17#0'}",Who was the president druing the end of the civil rigths omveemnt?,True,"{'OS': 'Mac', 'Browser': 'Firefox', 'User Type': 'Student'}","{'Civil Rights.When': 'undefined', 'Civil Rights.What': 'undefined', 'Civil Rights.Who': 'undefined', 'Civil Rights.Where': 'undefined'}",{'Civil Rights': 'Who'},8,
trees25#CR US History#CR US History Func,17#9,True,"{'method': 'random char delete', 'subkey': '17#0'}",Who was the president duing the end of the civil righs moveme?,True,"{'OS': 'Mac', 'Browser': 'Firefox', 'User Type': 'Student'}","{'Civil Rights.When': 'undefined', 'Civil Rights.What': 'undefined', 'Civil Rights.Who': 'undefined', 'Civil Rights.Where': 'undefined'}",{'Civil Rights': 'Who'},8,
trees25#CR US History#CR US History Func,18#0,False,,What is the civil rights movement?,False,"{'OS': 'Mac', 'Browser': 'Firefox', 'User Type': 'Student'}","{'Civil Rights.When': 'undefined', 'Civil Rights.What': 'undefined', 'Civil Rights.Who': 'undefined', 'Civil Rights.Where': 'undefined'}",{'Civil Rights': 'What'},9,
trees25#CR US History#CR US History Func,18#1,True,"{'method': 'random word swap', 'subkey': '18#0'}",What rights the civil is movement?,True,"{'OS': 'Mac', 'Browser': 'Firefox', 'User Type': 'Student'}","{'Civil Rights.When': 'undefined', 'Civil Rights.What': 'undefined', 'Civil Rights.Who': 'undefined', 'Civil Rights.Where': 'undefined'}",{'Civil Rights': 'What'},9,
trees25#CR US History#CR US History Func,18#2,True,"{'method': 'random word delete', 'subkey': '18#0'}",is the rights movement?,True,"{'OS': 'Mac', 'Browser': 'Firefox', 'User Type': 'Student'}","{'Civil Rights.When': 'undefined', 'Civil Rights.What': 'undefined', 'Civil Rights.Who': 'undefined', 'Civil Rights.Where': 'undefined'}",{'Civil Rights': 'What'},9,
trees25#CR US History#CR US History Func,18#3,True,"{'method': 'random word insert', 'subkey': '18#0'}",What is the civil civic rights movement?,True,"{'OS': 'Mac', 'Browser': 'Firefox', 'User Type': 'Student'}","{'Civil Rights.When': 'undefined', 'Civil Rights.What': 'undefined', 'Civil Rights.Who': 'undefined', 'Civil Rights.Where': 'undefined'}",{'Civil Rights': 'What'},9,
trees25#CR US History#CR US History Func,18#4,True,"{'method': 'synonym augmentation', 'subkey': '18#0'}",What is the polite rights movement?,True,"{'OS': 'Mac', 'Browser': 'Firefox', 'User Type': 'Student'}","{'Civil Rights.When': 'undefined', 'Civil Rights.What': 'undefined', 'Civil Rights.Who': 'undefined', 'Civil Rights.Where': 'undefined'}",{'Civil Rights': 'What'},9,
trees25#CR US History#CR US History Func,18#5,True,"{'method': 'ocr augmentation', 'subkey': '18#0'}",What is the civi1 rights movement?,True,"{'OS': 'Mac', 'Browser': 'Firefox', 'User Type': 'Student'}","{'Civil Rights.When': 'undefined', 'Civil Rights.What': 'undefined', 'Civil Rights.Who': 'undefined', 'Civil Rights.Where': 'undefined'}",{'Civil Rights': 'What'},9,
trees25#CR US History#CR US History Func,18#6,True,"{'method': 'keyboard augmentation', 'subkey': '18#0'}",Wha$ is the civll rights movement?,True,"{'OS': 'Mac', 'Browser': 'Firefox', 'User Type': 'Student'}","{'Civil Rights.When': 'undefined', 'Civil Rights.What': 'undefined', 'Civil Rights.Who': 'undefined', 'Civil Rights.Where': 'undefined'}",{'Civil Rights': 'What'},9,
trees25#CR US History#CR US History Func,18#7,True,"{'method': 'random char insert', 'subkey': '18#0'}",Whait is the civil rightds movement?,True,"{'OS': 'Mac', 'Browser': 'Firefox', 'User Type': 'Student'}","{'Civil Rights.When': 'undefined', 'Civil Rights.What': 'undefined', 'Civil Rights.Who': 'undefined', 'Civil Rights.Where': 'undefined'}",{'Civil Rights': 'What'},9,
trees25#CR US History#CR US History Func,18#8,True,"{'method': 'random char swap', 'subkey': '18#0'}",Hwat is the icvil rights movement?,True,"{'OS': 'Mac', 'Browser': 'Firefox', 'User Type': 'Student'}","{'Civil Rights.When': 'undefined', 'Civil Rights.What': 'undefined', 'Civil Rights.Who': 'undefined', 'Civil Rights.Where': 'undefined'}",{'Civil Rights': 'What'},9,
trees25#CR US History#CR US History Func,18#9,True,"{'method': 'random char delete', 'subkey': '18#0'}",Wat is the civl rights movement?,True,"{'OS': 'Mac', 'Browser': 'Firefox', 'User Type': 'Student'}","{'Civil Rights.When': 'undefined', 'Civil Rights.What': 'undefined', 'Civil Rights.Who': 'undefined', 'Civil Rights.Where': 'undefined'}",{'Civil Rights': 'What'},9,
trees25#CR US History#CR US History Func,19#0,False,,When did the  civil rights movement take place?,False,"{'OS': 'Mac', 'Browser': 'Firefox', 'User Type': 'Student'}","{'Civil Rights.When': 'undefined', 'Civil Rights.What': 'undefined', 'Civil Rights.Who': 'undefined', 'Civil Rights.Where': 'undefined'}",{'Civil Rights': 'When'},10,
trees25#CR US History#CR US History Func,19#1,True,"{'method': 'random word swap', 'subkey': '19#0'}",When the did civil rights movement take place?,True,"{'OS': 'Mac', 'Browser': 'Firefox', 'User Type': 'Student'}","{'Civil Rights.When': 'undefined', 'Civil Rights.What': 'undefined', 'Civil Rights.Who': 'undefined', 'Civil Rights.Where': 'undefined'}",{'Civil Rights': 'When'},10,
trees25#CR US History#CR US History Func,19#2,True,"{'method': 'random word delete', 'subkey': '19#0'}",did the rights movement take place?,True,"{'OS': 'Mac', 'Browser': 'Firefox', 'User Type': 'Student'}","{'Civil Rights.When': 'undefined', 'Civil Rights.What': 'undefined', 'Civil Rights.Who': 'undefined', 'Civil Rights.Where': 'undefined'}",{'Civil Rights': 'When'},10,
trees25#CR US History#CR US History Func,19#3,True,"{'method': 'random word insert', 'subkey': '19#0'}",When civic did the civil rights movement take place?,True,"{'OS': 'Mac', 'Browser': 'Firefox', 'User Type': 'Student'}","{'Civil Rights.When': 'undefined', 'Civil Rights.What': 'undefined', 'Civil Rights.Who': 'undefined', 'Civil Rights.Where': 'undefined'}",{'Civil Rights': 'When'},10,
trees25#CR US History#CR US History Func,19#4,True,"{'method': 'synonym augmentation', 'subkey': '19#0'}",When did the civic rights movement take place?,True,"{'OS': 'Mac', 'Browser': 'Firefox', 'User Type': 'Student'}","{'Civil Rights.When': 'undefined', 'Civil Rights.What': 'undefined', 'Civil Rights.Who': 'undefined', 'Civil Rights.Where': 'undefined'}",{'Civil Rights': 'When'},10,
trees25#CR US History#CR US History Func,19#5,True,"{'method': 'ocr augmentation', 'subkey': '19#0'}",When did the civil rights movement take p1ace?,True,"{'OS': 'Mac', 'Browser': 'Firefox', 'User Type': 'Student'}","{'Civil Rights.When': 'undefined', 'Civil Rights.What': 'undefined', 'Civil Rights.Who': 'undefined', 'Civil Rights.Where': 'undefined'}",{'Civil Rights': 'When'},10,
trees25#CR US History#CR US History Func,19#6,True,"{'method': 'keyboard augmentation', 'subkey': '19#0'}","dhen did the civil rights move,eht take place?",True,"{'OS': 'Mac', 'Browser': 'Firefox', 'User Type': 'Student'}","{'Civil Rights.When': 'undefined', 'Civil Rights.What': 'undefined', 'Civil Rights.Who': 'undefined', 'Civil Rights.Where': 'undefined'}",{'Civil Rights': 'When'},10,
trees25#CR US History#CR US History Func,19#7,True,"{'method': 'random char insert', 'subkey': '19#0'}",When did the civiNl riDghts movement take place?,True,"{'OS': 'Mac', 'Browser': 'Firefox', 'User Type': 'Student'}","{'Civil Rights.When': 'undefined', 'Civil Rights.What': 'undefined', 'Civil Rights.Who': 'undefined', 'Civil Rights.Where': 'undefined'}",{'Civil Rights': 'When'},10,
trees25#CR US History#CR US History Func,19#8,True,"{'method': 'random char swap', 'subkey': '19#0'}",Hwen did the civil rights movement take palce?,True,"{'OS': 'Mac', 'Browser': 'Firefox', 'User Type': 'Student'}","{'Civil Rights.When': 'undefined', 'Civil Rights.What': 'undefined', 'Civil Rights.Who': 'undefined', 'Civil Rights.Where': 'undefined'}",{'Civil Rights': 'When'},10,
trees25#CR US History#CR US History Func,19#9,True,"{'method': 'random char delete', 'subkey': '19#0'}",When did the civl rights movement tak place?,True,"{'OS': 'Mac', 'Browser': 'Firefox', 'User Type': 'Student'}","{'Civil Rights.When': 'undefined', 'Civil Rights.What': 'undefined', 'Civil Rights.Who': 'undefined', 'Civil Rights.Where': 'undefined'}",{'Civil Rights': 'When'},10,
trees25#CR US History#CR US History Func,2#0,False,,What happened during the civil rights movement?,False,"{'OS': 'Mac', 'Browser': 'chrome', 'User Type': 'Student'}","{'Civil Rights.When': 'undefined', 'Civil Rights.What': 'undefined', 'Civil Rights.Who': 'undefined', 'Civil Rights.Where': 'undefined'}",{'Civil Rights': 'What'},11,
trees25#CR US History#CR US History Func,2#1,True,"{'method': 'random word swap', 'subkey': '2#0'}",What civil during the happened rights movement?,True,"{'OS': 'Mac', 'Browser': 'chrome', 'User Type': 'Student'}","{'Civil Rights.When': 'undefined', 'Civil Rights.What': 'undefined', 'Civil Rights.Who': 'undefined', 'Civil Rights.Where': 'undefined'}",{'Civil Rights': 'What'},11,
trees25#CR US History#CR US History Func,2#2,True,"{'method': 'random word insert', 'subkey': '2#0'}",What happened during the pass off civil rights movement?,True,"{'OS': 'Mac', 'Browser': 'chrome', 'User Type': 'Student'}","{'Civil Rights.When': 'undefined', 'Civil Rights.What': 'undefined', 'Civil Rights.Who': 'undefined', 'Civil Rights.Where': 'undefined'}",{'Civil Rights': 'What'},11,
trees25#CR US History#CR US History Func,2#3,True,"{'method': 'random word delete', 'subkey': '2#0'}",happened during civil rights movement?,True,"{'OS': 'Mac', 'Browser': 'chrome', 'User Type': 'Student'}","{'Civil Rights.When': 'undefined', 'Civil Rights.What': 'undefined', 'Civil Rights.Who': 'undefined', 'Civil Rights.Where': 'undefined'}",{'Civil Rights': 'What'},11,
trees25#CR US History#CR US History Func,2#4,True,"{'method': 'synonym augmentation', 'subkey': '2#0'}",What materialise during the civil rights movement?,True,"{'OS': 'Mac', 'Browser': 'chrome', 'User Type': 'Student'}","{'Civil Rights.When': 'undefined', 'Civil Rights.What': 'undefined', 'Civil Rights.Who': 'undefined', 'Civil Rights.Where': 'undefined'}",{'Civil Rights': 'What'},11,
trees25#CR US History#CR US History Func,2#5,True,"{'method': 'ocr augmentation', 'subkey': '2#0'}",What happened during the civil rights m0vement?,True,"{'OS': 'Mac', 'Browser': 'chrome', 'User Type': 'Student'}","{'Civil Rights.When': 'undefined', 'Civil Rights.What': 'undefined', 'Civil Rights.Who': 'undefined', 'Civil Rights.Where': 'undefined'}",{'Civil Rights': 'What'},11,
trees25#CR US History#CR US History Func,2#6,True,"{'method': 'keyboard augmentation', 'subkey': '2#0'}",WhaR happened during the civil rightZ movement?,True,"{'OS': 'Mac', 'Browser': 'chrome', 'User Type': 'Student'}","{'Civil Rights.When': 'undefined', 'Civil Rights.What': 'undefined', 'Civil Rights.Who': 'undefined', 'Civil Rights.Where': 'undefined'}",{'Civil Rights': 'What'},11,
trees25#CR US History#CR US History Func,2#7,True,"{'method': 'random char insert', 'subkey': '2#0'}",WhDat happened during the civil Drights movement?,True,"{'OS': 'Mac', 'Browser': 'chrome', 'User Type': 'Student'}","{'Civil Rights.When': 'undefined', 'Civil Rights.What': 'undefined', 'Civil Rights.Who': 'undefined', 'Civil Rights.Where': 'undefined'}",{'Civil Rights': 'What'},11,
trees25#CR US History#CR US History Func,2#8,True,"{'method': 'random char swap', 'subkey': '2#0'}",What happende during the civil rights mvoemetn?,True,"{'OS': 'Mac', 'Browser': 'chrome', 'User Type': 'Student'}","{'Civil Rights.When': 'undefined', 'Civil Rights.What': 'undefined', 'Civil Rights.Who': 'undefined', 'Civil Rights.Where': 'undefined'}",{'Civil Rights': 'What'},11,
trees25#CR US History#CR US History Func,2#9,True,"{'method': 'random char delete', 'subkey': '2#0'}",What happened during the civil rigts moment?,True,"{'OS': 'Mac', 'Browser': 'chrome', 'User Type': 'Student'}","{'Civil Rights.When': 'undefined', 'Civil Rights.What': 'undefined', 'Civil Rights.Who': 'undefined', 'Civil Rights.Where': 'undefined'}",{'Civil Rights': 'What'},11,
trees25#CR US History#CR US History Func,20#0,False,,Where did the most discrimination take place in America before the  civil rights movement?,False,"{'OS': 'Mac', 'Browser': 'Firefox', 'User Type': 'Student'}","{'Civil Rights.When': 'undefined', 'Civil Rights.What': 'undefined', 'Civil Rights.Who': 'undefined', 'Civil Rights.Where': 'undefined'}",{'Civil Rights': 'Where'},12,
trees25#CR US History#CR US History Func,20#1,True,"{'method': 'random word swap', 'subkey': '20#0'}",Where did before most discrimination take place in America the the civil rights movement?,True,"{'OS': 'Mac', 'Browser': 'Firefox', 'User Type': 'Student'}","{'Civil Rights.When': 'undefined', 'Civil Rights.What': 'undefined', 'Civil Rights.Who': 'undefined', 'Civil Rights.Where': 'undefined'}",{'Civil Rights': 'Where'},12,
trees25#CR US History#CR US History Func,20#2,True,"{'method': 'random word delete', 'subkey': '20#0'}",did the discrimination take place in the civil rights,True,"{'OS': 'Mac', 'Browser': 'Firefox', 'User Type': 'Student'}","{'Civil Rights.When': 'undefined', 'Civil Rights.What': 'undefined', 'Civil Rights.Who': 'undefined', 'Civil Rights.Where': 'undefined'}",{'Civil Rights': 'Where'},12,
trees25#CR US History#CR US History Func,20#3,True,"{'method': 'random word insert', 'subkey': '20#0'}",Where did the most discrimination take place in America use up before the civil rights movement?,True,"{'OS': 'Mac', 'Browser': 'Firefox', 'User Type': 'Student'}","{'Civil Rights.When': 'undefined', 'Civil Rights.What': 'undefined', 'Civil Rights.Who': 'undefined', 'Civil Rights.Where': 'undefined'}",{'Civil Rights': 'Where'},12,
trees25#CR US History#CR US History Func,20#4,True,"{'method': 'synonym augmentation', 'subkey': '20#0'}",Where serve the most discrimination pack place in U.s.a. before the civil rights effort?,True,"{'OS': 'Mac', 'Browser': 'Firefox', 'User Type': 'Student'}","{'Civil Rights.When': 'undefined', 'Civil Rights.What': 'undefined', 'Civil Rights.Who': 'undefined', 'Civil Rights.Where': 'undefined'}",{'Civil Rights': 'Where'},12,
trees25#CR US History#CR US History Func,20#5,True,"{'method': 'ocr augmentation', 'subkey': '20#0'}",Wheke did the m0st discrimination take place in America before the civil rights movement?,True,"{'OS': 'Mac', 'Browser': 'Firefox', 'User Type': 'Student'}","{'Civil Rights.When': 'undefined', 'Civil Rights.What': 'undefined', 'Civil Rights.Who': 'undefined', 'Civil Rights.Where': 'undefined'}",{'Civil Rights': 'Where'},12,
trees25#CR US History#CR US History Func,20#6,True,"{'method': 'keyboard augmentation', 'subkey': '20#0'}","Where did the ,ost siscrimiJahioB tske plave in America before the civil rights movement?",True,"{'OS': 'Mac', 'Browser': 'Firefox', 'User Type': 'Student'}","{'Civil Rights.When': 'undefined', 'Civil Rights.What': 'undefined', 'Civil Rights.Who': 'undefined', 'Civil Rights.Where': 'undefined'}",{'Civil Rights': 'Where'},12,
trees25#CR US History#CR US History Func,20#7,True,"{'method': 'random char insert', 'subkey': '20#0'}",Where did the most discrimination t6ake place in )Am1erica before the civil rightMs moPvemlent?,True,"{'OS': 'Mac', 'Browser': 'Firefox', 'User Type': 'Student'}","{'Civil Rights.When': 'undefined', 'Civil Rights.What': 'undefined', 'Civil Rights.Who': 'undefined', 'Civil Rights.Where': 'undefined'}",{'Civil Rights': 'Where'},12,
trees25#CR US History#CR US History Func,20#8,True,"{'method': 'random char swap', 'subkey': '20#0'}",Where did the most discrimination take palce in Amecria befoer the civil rihgts movement?,True,"{'OS': 'Mac', 'Browser': 'Firefox', 'User Type': 'Student'}","{'Civil Rights.When': 'undefined', 'Civil Rights.What': 'undefined', 'Civil Rights.Who': 'undefined', 'Civil Rights.Where': 'undefined'}",{'Civil Rights': 'Where'},12,
trees25#CR US History#CR US History Func,20#9,True,"{'method': 'random char delete', 'subkey': '20#0'}",Where did the ost discrimination tke place in Ameca before the civil rihts movement?,True,"{'OS': 'Mac', 'Browser': 'Firefox', 'User Type': 'Student'}","{'Civil Rights.When': 'undefined', 'Civil Rights.What': 'undefined', 'Civil Rights.Who': 'undefined', 'Civil Rights.Where': 'undefined'}",{'Civil Rights': 'Where'},12,
trees25#CR US History#CR US History Func,21#0,False,,Who was the MLK speech inspired by?,False,"{'OS': 'Mac', 'Browser': 'Firefox', 'User Type': 'Teacher'}","{'Civil Rights.When': 'undefined', 'Civil Rights.What': 'undefined', 'Civil Rights.Who': 'undefined', 'Civil Rights.Where': 'undefined'}",{'Civil Rights': 'Who'},13,
trees25#CR US History#CR US History Func,21#1,True,"{'method': 'random word swap', 'subkey': '21#0'}",Who speech the MLK was inspired by?,True,"{'OS': 'Mac', 'Browser': 'Firefox', 'User Type': 'Teacher'}","{'Civil Rights.When': 'undefined', 'Civil Rights.What': 'undefined', 'Civil Rights.Who': 'undefined', 'Civil Rights.Where': 'undefined'}",{'Civil Rights': 'Who'},13,
trees25#CR US History#CR US History Func,21#2,True,"{'method': 'random word delete', 'subkey': '21#0'}",was the speech inspired by?,True,"{'OS': 'Mac', 'Browser': 'Firefox', 'User Type': 'Teacher'}","{'Civil Rights.When': 'undefined', 'Civil Rights.What': 'undefined', 'Civil Rights.Who': 'undefined', 'Civil Rights.Where': 'undefined'}",{'Civil Rights': 'Who'},13,
trees25#CR US History#CR US History Func,21#3,True,"{'method': 'random word insert', 'subkey': '21#0'}",Who was who the MLK speech inspired by?,True,"{'OS': 'Mac', 'Browser': 'Firefox', 'User Type': 'Teacher'}","{'Civil Rights.When': 'undefined', 'Civil Rights.What': 'undefined', 'Civil Rights.Who': 'undefined', 'Civil Rights.Where': 'undefined'}",{'Civil Rights': 'Who'},13,
trees25#CR US History#CR US History Func,21#4,True,"{'method': 'synonym augmentation', 'subkey': '21#0'}",World health organization was the MLK manner of speaking inspired by?,True,"{'OS': 'Mac', 'Browser': 'Firefox', 'User Type': 'Teacher'}","{'Civil Rights.When': 'undefined', 'Civil Rights.What': 'undefined', 'Civil Rights.Who': 'undefined', 'Civil Rights.Where': 'undefined'}",{'Civil Rights': 'Who'},13,
trees25#CR US History#CR US History Func,21#5,True,"{'method': 'ocr augmentation', 'subkey': '21#0'}",Who was the MLK speech inspired 6y?,True,"{'OS': 'Mac', 'Browser': 'Firefox', 'User Type': 'Teacher'}","{'Civil Rights.When': 'undefined', 'Civil Rights.What': 'undefined', 'Civil Rights.Who': 'undefined', 'Civil Rights.Where': 'undefined'}",{'Civil Rights': 'Who'},13,
trees25#CR US History#CR US History Func,21#6,True,"{'method': 'keyboard augmentation', 'subkey': '21#0'}",Who was the MLK sperch onspiFed by?,True,"{'OS': 'Mac', 'Browser': 'Firefox', 'User Type': 'Teacher'}","{'Civil Rights.When': 'undefined', 'Civil Rights.What': 'undefined', 'Civil Rights.Who': 'undefined', 'Civil Rights.Where': 'undefined'}",{'Civil Rights': 'Who'},13,
trees25#CR US History#CR US History Func,21#7,True,"{'method': 'random char insert', 'subkey': '21#0'}",Who was the MLK spDeech Binspire*d by?,True,"{'OS': 'Mac', 'Browser': 'Firefox', 'User Type': 'Teacher'}","{'Civil Rights.When': 'undefined', 'Civil Rights.What': 'undefined', 'Civil Rights.Who': 'undefined', 'Civil Rights.Where': 'undefined'}",{'Civil Rights': 'Who'},13,
trees25#CR US History#CR US History Func,21#8,True,"{'method': 'random char swap', 'subkey': '21#0'}",Who was the MLK speech insiperd by?,True,"{'OS': 'Mac', 'Browser': 'Firefox', 'User Type': 'Teacher'}","{'Civil Rights.When': 'undefined', 'Civil Rights.What': 'undefined', 'Civil Rights.Who': 'undefined', 'Civil Rights.Where': 'undefined'}",{'Civil Rights': 'Who'},13,
trees25#CR US History#CR US History Func,21#9,True,"{'method': 'random char delete', 'subkey': '21#0'}",Who was the MLK spech nspred by?,True,"{'OS': 'Mac', 'Browser': 'Firefox', 'User Type': 'Teacher'}","{'Civil Rights.When': 'undefined', 'Civil Rights.What': 'undefined', 'Civil Rights.Who': 'undefined', 'Civil Rights.Where': 'undefined'}",{'Civil Rights': 'Who'},13,
trees25#CR US History#CR US History Func,22#0,False,,What was the first law that was passed that was considered a victory for the  civil rights movement?,False,"{'OS': 'Mac', 'Browser': 'Firefox', 'User Type': 'Teacher'}","{'Civil Rights.When': 'undefined', 'Civil Rights.What': 'undefined', 'Civil Rights.Who': 'undefined', 'Civil Rights.Where': 'undefined'}",{'Civil Rights': 'What'},14,
trees25#CR US History#CR US History Func,22#1,True,"{'method': 'random word swap', 'subkey': '22#0'}",What was law first the that was passed that was considered a victory for the civil rights movement?,True,"{'OS': 'Mac', 'Browser': 'Firefox', 'User Type': 'Teacher'}","{'Civil Rights.When': 'undefined', 'Civil Rights.What': 'undefined', 'Civil Rights.Who': 'undefined', 'Civil Rights.Where': 'undefined'}",{'Civil Rights': 'What'},14,
trees25#CR US History#CR US History Func,22#2,True,"{'method': 'random word delete', 'subkey': '22#0'}",was the law that was passed considered a victory the civil movement?,True,"{'OS': 'Mac', 'Browser': 'Firefox', 'User Type': 'Teacher'}","{'Civil Rights.When': 'undefined', 'Civil Rights.What': 'undefined', 'Civil Rights.Who': 'undefined', 'Civil Rights.Where': 'undefined'}",{'Civil Rights': 'What'},14,
trees25#CR US History#CR US History Func,22#3,True,"{'method': 'random word insert', 'subkey': '22#0'}",What was police the first law that was passed that was considered a victory for the civil rights movement?,True,"{'OS': 'Mac', 'Browser': 'Firefox', 'User Type': 'Teacher'}","{'Civil Rights.When': 'undefined', 'Civil Rights.What': 'undefined', 'Civil Rights.Who': 'undefined', 'Civil Rights.Where': 'undefined'}",{'Civil Rights': 'What'},14,
trees25#CR US History#CR US History Func,22#4,True,"{'method': 'synonym augmentation', 'subkey': '22#0'}",What live the first law that was passed that was considered a victory for the civic rights movement?,True,"{'OS': 'Mac', 'Browser': 'Firefox', 'User Type': 'Teacher'}","{'Civil Rights.When': 'undefined', 'Civil Rights.What': 'undefined', 'Civil Rights.Who': 'undefined', 'Civil Rights.Where': 'undefined'}",{'Civil Rights': 'What'},14,
trees25#CR US History#CR US History Func,22#5,True,"{'method': 'ocr augmentation', 'subkey': '22#0'}",What was the fir8t law that wa8 passed that was considered a victory for the civi1 rights movement?,True,"{'OS': 'Mac', 'Browser': 'Firefox', 'User Type': 'Teacher'}","{'Civil Rights.When': 'undefined', 'Civil Rights.What': 'undefined', 'Civil Rights.Who': 'undefined', 'Civil Rights.Where': 'undefined'}",{'Civil Rights': 'What'},14,
trees25#CR US History#CR US History Func,22#6,True,"{'method': 'keyboard augmentation', 'subkey': '22#0'}",!hat was the firXt law that was passed that was sonzidFred a vKstory for the civil rights hovekent?,True,"{'OS': 'Mac', 'Browser': 'Firefox', 'User Type': 'Teacher'}","{'Civil Rights.When': 'undefined', 'Civil Rights.What': 'undefined', 'Civil Rights.Who': 'undefined', 'Civil Rights.Where': 'undefined'}",{'Civil Rights': 'What'},14,
trees25#CR US History#CR US History Func,22#7,True,"{'method': 'random char insert', 'subkey': '22#0'}",Wh#at was the fir#st law tmhat was passed th@at was zconsidfer9ed a victory for the civil rights movement?,True,"{'OS': 'Mac', 'Browser': 'Firefox', 'User Type': 'Teacher'}","{'Civil Rights.When': 'undefined', 'Civil Rights.What': 'undefined', 'Civil Rights.Who': 'undefined', 'Civil Rights.Where': 'undefined'}",{'Civil Rights': 'What'},14,
trees25#CR US History#CR US History Func,22#8,True,"{'method': 'random char swap', 'subkey': '22#0'}",What was the first law taht was passed htat was consirdede a ivctroy for the icvil rights movement?,True,"{'OS': 'Mac', 'Browser': 'Firefox', 'User Type': 'Teacher'}","{'Civil Rights.When': 'undefined', 'Civil Rights.What': 'undefined', 'Civil Rights.Who': 'undefined', 'Civil Rights.Where': 'undefined'}",{'Civil Rights': 'What'},14,
trees25#CR US History#CR US History Func,22#9,True,"{'method': 'random char delete', 'subkey': '22#0'}",What was the first law hat was pased that was coiderd a victory for the civil rigts ovment?,True,"{'OS': 'Mac', 'Browser': 'Firefox', 'User Type': 'Teacher'}","{'Civil Rights.When': 'undefined', 'Civil Rights.What': 'undefined', 'Civil Rights.Who': 'undefined', 'Civil Rights.Where': 'undefined'}",{'Civil Rights': 'What'},14,
trees25#CR US History#CR US History Func,23#0,False,,When did the  civil rights movement cause the most change?,False,"{'OS': 'Mac', 'Browser': 'Firefox', 'User Type': 'Teacher'}","{'Civil Rights.When': 'undefined', 'Civil Rights.What': 'undefined', 'Civil Rights.Who': 'undefined', 'Civil Rights.Where': 'undefined'}",{'Civil Rights': 'When'},15,
trees25#CR US History#CR US History Func,23#1,True,"{'method': 'random word swap', 'subkey': '23#0'}",When did change? civil rights movement cause the most the,True,"{'OS': 'Mac', 'Browser': 'Firefox', 'User Type': 'Teacher'}","{'Civil Rights.When': 'undefined', 'Civil Rights.What': 'undefined', 'Civil Rights.Who': 'undefined', 'Civil Rights.Where': 'undefined'}",{'Civil Rights': 'When'},15,
trees25#CR US History#CR US History Func,23#2,True,"{'method': 'random word delete', 'subkey': '23#0'}",did the rights movement cause the,True,"{'OS': 'Mac', 'Browser': 'Firefox', 'User Type': 'Teacher'}","{'Civil Rights.When': 'undefined', 'Civil Rights.What': 'undefined', 'Civil Rights.Who': 'undefined', 'Civil Rights.Where': 'undefined'}",{'Civil Rights': 'When'},15,
trees25#CR US History#CR US History Func,23#3,True,"{'method': 'random word insert', 'subkey': '23#0'}",When did the civil rights movement cause the most civic change?,True,"{'OS': 'Mac', 'Browser': 'Firefox', 'User Type': 'Teacher'}","{'Civil Rights.When': 'undefined', 'Civil Rights.What': 'undefined', 'Civil Rights.Who': 'undefined', 'Civil Rights.Where': 'undefined'}",{'Civil Rights': 'When'},15,
trees25#CR US History#CR US History Func,23#4,True,"{'method': 'synonym augmentation', 'subkey': '23#0'}",When manage the civic rights movement cause the most change?,True,"{'OS': 'Mac', 'Browser': 'Firefox', 'User Type': 'Teacher'}","{'Civil Rights.When': 'undefined', 'Civil Rights.What': 'undefined', 'Civil Rights.Who': 'undefined', 'Civil Rights.Where': 'undefined'}",{'Civil Rights': 'When'},15,
trees25#CR US History#CR US History Func,23#5,True,"{'method': 'ocr augmentation', 'subkey': '23#0'}",When did the civi1 rights movement caose the most change?,True,"{'OS': 'Mac', 'Browser': 'Firefox', 'User Type': 'Teacher'}","{'Civil Rights.When': 'undefined', 'Civil Rights.What': 'undefined', 'Civil Rights.Who': 'undefined', 'Civil Rights.Where': 'undefined'}",{'Civil Rights': 'When'},15,
trees25#CR US History#CR US History Func,23#6,True,"{'method': 'keyboard augmentation', 'subkey': '23#0'}",WheM did the civil rights mov3Nent Dause the most change?,True,"{'OS': 'Mac', 'Browser': 'Firefox', 'User Type': 'Teacher'}","{'Civil Rights.When': 'undefined', 'Civil Rights.What': 'undefined', 'Civil Rights.Who': 'undefined', 'Civil Rights.Where': 'undefined'}",{'Civil Rights': 'When'},15,
trees25#CR US History#CR US History Func,23#7,True,"{'method': 'random char insert', 'subkey': '23#0'}",wWhen did the civil rights movement c2ause the ^most change?,True,"{'OS': 'Mac', 'Browser': 'Firefox', 'User Type': 'Teacher'}","{'Civil Rights.When': 'undefined', 'Civil Rights.What': 'undefined', 'Civil Rights.Who': 'undefined', 'Civil Rights.Where': 'undefined'}",{'Civil Rights': 'When'},15,
trees25#CR US History#CR US History Func,23#8,True,"{'method': 'random char swap', 'subkey': '23#0'}",When did the civli rights mvoeemnt cause the mots change?,True,"{'OS': 'Mac', 'Browser': 'Firefox', 'User Type': 'Teacher'}","{'Civil Rights.When': 'undefined', 'Civil Rights.What': 'undefined', 'Civil Rights.Who': 'undefined', 'Civil Rights.Where': 'undefined'}",{'Civil Rights': 'When'},15,
trees25#CR US History#CR US History Func,23#9,True,"{'method': 'random char delete', 'subkey': '23#0'}",Whn did the ivil rights movement cause the mot change?,True,"{'OS': 'Mac', 'Browser': 'Firefox', 'User Type': 'Teacher'}","{'Civil Rights.When': 'undefined', 'Civil Rights.What': 'undefined', 'Civil Rights.Who': 'undefined', 'Civil Rights.Where': 'undefined'}",{'Civil Rights': 'When'},15,
trees25#CR US History#CR US History Func,24#0,False,,Where did the most discrimination exist in America?,False,"{'OS': 'Mac', 'Browser': 'Firefox', 'User Type': 'Teacher'}","{'Civil Rights.When': 'undefined', 'Civil Rights.What': 'undefined', 'Civil Rights.Who': 'undefined', 'Civil Rights.Where': 'undefined'}",{'Civil Rights': 'Where'},16,
trees25#CR US History#CR US History Func,24#1,True,"{'method': 'random word swap', 'subkey': '24#0'}",Where the did most discrimination exist in America?,True,"{'OS': 'Mac', 'Browser': 'Firefox', 'User Type': 'Teacher'}","{'Civil Rights.When': 'undefined', 'Civil Rights.What': 'undefined', 'Civil Rights.Who': 'undefined', 'Civil Rights.Where': 'undefined'}",{'Civil Rights': 'Where'},16,
trees25#CR US History#CR US History Func,24#2,True,"{'method': 'random word delete', 'subkey': '24#0'}",did the discrimination exist in America?,True,"{'OS': 'Mac', 'Browser': 'Firefox', 'User Type': 'Teacher'}","{'Civil Rights.When': 'undefined', 'Civil Rights.What': 'undefined', 'Civil Rights.Who': 'undefined', 'Civil Rights.Where': 'undefined'}",{'Civil Rights': 'Where'},16,
trees25#CR US History#CR US History Func,24#3,True,"{'method': 'random word insert', 'subkey': '24#0'}",Where favoritism did the most discrimination exist in America?,True,"{'OS': 'Mac', 'Browser': 'Firefox', 'User Type': 'Teacher'}","{'Civil Rights.When': 'undefined', 'Civil Rights.What': 'undefined', 'Civil Rights.Who': 'undefined', 'Civil Rights.Where': 'undefined'}",{'Civil Rights': 'Where'},16,
trees25#CR US History#CR US History Func,24#4,True,"{'method': 'synonym augmentation', 'subkey': '24#0'}",Where did the well nigh discrimination exist in America?,True,"{'OS': 'Mac', 'Browser': 'Firefox', 'User Type': 'Teacher'}","{'Civil Rights.When': 'undefined', 'Civil Rights.What': 'undefined', 'Civil Rights.Who': 'undefined', 'Civil Rights.Where': 'undefined'}",{'Civil Rights': 'Where'},16,
trees25#CR US History#CR US History Func,24#5,True,"{'method': 'ocr augmentation', 'subkey': '24#0'}",Where did the most discrimination exist in Amekica?,True,"{'OS': 'Mac', 'Browser': 'Firefox', 'User Type': 'Teacher'}","{'Civil Rights.When': 'undefined', 'Civil Rights.What': 'undefined', 'Civil Rights.Who': 'undefined', 'Civil Rights.Where': 'undefined'}",{'Civil Rights': 'Where'},16,
trees25#CR US History#CR US History Func,24#6,True,"{'method': 'keyboard augmentation', 'subkey': '24#0'}",dhere did the most discrimination exiAt in America?,True,"{'OS': 'Mac', 'Browser': 'Firefox', 'User Type': 'Teacher'}","{'Civil Rights.When': 'undefined', 'Civil Rights.What': 'undefined', 'Civil Rights.Who': 'undefined', 'Civil Rights.Where': 'undefined'}",{'Civil Rights': 'Where'},16,
trees25#CR US History#CR US History Func,24#7,True,"{'method': 'random char insert', 'subkey': '24#0'}",Where did the most disCcriminDatoiNon *exist in America?,True,"{'OS': 'Mac', 'Browser': 'Firefox', 'User Type': 'Teacher'}","{'Civil Rights.When': 'undefined', 'Civil Rights.What': 'undefined', 'Civil Rights.Who': 'undefined', 'Civil Rights.Where': 'undefined'}",{'Civil Rights': 'Where'},16,
trees25#CR US History#CR US History Func,24#8,True,"{'method': 'random char swap', 'subkey': '24#0'}",Wehre did the most discrimination exits in America?,True,"{'OS': 'Mac', 'Browser': 'Firefox', 'User Type': 'Teacher'}","{'Civil Rights.When': 'undefined', 'Civil Rights.What': 'undefined', 'Civil Rights.Who': 'undefined', 'Civil Rights.Where': 'undefined'}",{'Civil Rights': 'Where'},16,
trees25#CR US History#CR US History Func,24#9,True,"{'method': 'random char delete', 'subkey': '24#0'}",Where did the most discrimination exis in Arica?,True,"{'OS': 'Mac', 'Browser': 'Firefox', 'User Type': 'Teacher'}","{'Civil Rights.When': 'undefined', 'Civil Rights.What': 'undefined', 'Civil Rights.Who': 'undefined', 'Civil Rights.Where': 'undefined'}",{'Civil Rights': 'Where'},16,
trees25#CR US History#CR US History Func,3#0,False,,When was the civil rights movement?,False,"{'OS': 'Mac', 'Browser': 'chrome', 'User Type': 'Student'}","{'Civil Rights.When': 'undefined', 'Civil Rights.What': 'undefined', 'Civil Rights.Who': 'undefined', 'Civil Rights.Where': 'undefined'}",{'Civil Rights': 'When'},17,
trees25#CR US History#CR US History Func,3#1,True,"{'method': 'random word swap', 'subkey': '3#0'}",When rights the civil was movement?,True,"{'OS': 'Mac', 'Browser': 'chrome', 'User Type': 'Student'}","{'Civil Rights.When': 'undefined', 'Civil Rights.What': 'undefined', 'Civil Rights.Who': 'undefined', 'Civil Rights.Where': 'undefined'}",{'Civil Rights': 'When'},17,
trees25#CR US History#CR US History Func,3#2,True,"{'method': 'random word insert', 'subkey': '3#0'}",When was the civil civic rights movement?,True,"{'OS': 'Mac', 'Browser': 'chrome', 'User Type': 'Student'}","{'Civil Rights.When': 'undefined', 'Civil Rights.What': 'undefined', 'Civil Rights.Who': 'undefined', 'Civil Rights.Where': 'undefined'}",{'Civil Rights': 'When'},17,
trees25#CR US History#CR US History Func,3#3,True,"{'method': 'random word delete', 'subkey': '3#0'}",was the rights movement?,True,"{'OS': 'Mac', 'Browser': 'chrome', 'User Type': 'Student'}","{'Civil Rights.When': 'undefined', 'Civil Rights.What': 'undefined', 'Civil Rights.Who': 'undefined', 'Civil Rights.Where': 'undefined'}",{'Civil Rights': 'When'},17,
trees25#CR US History#CR US History Func,3#4,True,"{'method': 'synonym augmentation', 'subkey': '3#0'}",When embody the civil right movement?,True,"{'OS': 'Mac', 'Browser': 'chrome', 'User Type': 'Student'}","{'Civil Rights.When': 'undefined', 'Civil Rights.What': 'undefined', 'Civil Rights.Who': 'undefined', 'Civil Rights.Where': 'undefined'}",{'Civil Rights': 'When'},17,
trees25#CR US History#CR US History Func,3#5,True,"{'method': 'ocr augmentation', 'subkey': '3#0'}",When was the civi1 rights movement?,True,"{'OS': 'Mac', 'Browser': 'chrome', 'User Type': 'Student'}","{'Civil Rights.When': 'undefined', 'Civil Rights.What': 'undefined', 'Civil Rights.Who': 'undefined', 'Civil Rights.Where': 'undefined'}",{'Civil Rights': 'When'},17,
trees25#CR US History#CR US History Func,3#6,True,"{'method': 'keyboard augmentation', 'subkey': '3#0'}","When was the c7vil rights ,ovem#nt?",True,"{'OS': 'Mac', 'Browser': 'chrome', 'User Type': 'Student'}","{'Civil Rights.When': 'undefined', 'Civil Rights.What': 'undefined', 'Civil Rights.Who': 'undefined', 'Civil Rights.Where': 'undefined'}",{'Civil Rights': 'When'},17,
trees25#CR US History#CR US History Func,3#7,True,"{'method': 'random char insert', 'subkey': '3#0'}",W2hen was the ^civil rights movement?,True,"{'OS': 'Mac', 'Browser': 'chrome', 'User Type': 'Student'}","{'Civil Rights.When': 'undefined', 'Civil Rights.What': 'undefined', 'Civil Rights.Who': 'undefined', 'Civil Rights.Where': 'undefined'}",{'Civil Rights': 'When'},17,
trees25#CR US History#CR US History Func,3#8,True,"{'method': 'random char swap', 'subkey': '3#0'}",When was the civil rigths mvoemetn?,True,"{'OS': 'Mac', 'Browser': 'chrome', 'User Type': 'Student'}","{'Civil Rights.When': 'undefined', 'Civil Rights.What': 'undefined', 'Civil Rights.Who': 'undefined', 'Civil Rights.Where': 'undefined'}",{'Civil Rights': 'When'},17,
trees25#CR US History#CR US History Func,3#9,True,"{'method': 'random char delete', 'subkey': '3#0'}",When was the civil right ovemnt?,True,"{'OS': 'Mac', 'Browser': 'chrome', 'User Type': 'Student'}","{'Civil Rights.When': 'undefined', 'Civil Rights.What': 'undefined', 'Civil Rights.Who': 'undefined', 'Civil Rights.Where': 'undefined'}",{'Civil Rights': 'When'},17,
trees25#CR US History#CR US History Func,4#0,False,,Where was the civil rights movemenbt?,False,"{'OS': 'Mac', 'Browser': 'chrome', 'User Type': 'Student'}","{'Civil Rights.When': 'undefined', 'Civil Rights.What': 'undefined', 'Civil Rights.Who': 'undefined', 'Civil Rights.Where': 'undefined'}",{'Civil Rights': 'Where'},18,
trees25#CR US History#CR US History Func,4#1,True,"{'method': 'random word swap', 'subkey': '4#0'}",Where rights the civil was movemenbt?,True,"{'OS': 'Mac', 'Browser': 'chrome', 'User Type': 'Student'}","{'Civil Rights.When': 'undefined', 'Civil Rights.What': 'undefined', 'Civil Rights.Who': 'undefined', 'Civil Rights.Where': 'undefined'}",{'Civil Rights': 'Where'},18,
trees25#CR US History#CR US History Func,4#2,True,"{'method': 'random word insert', 'subkey': '4#0'}",Where was the civil civic rights movemenbt?,True,"{'OS': 'Mac', 'Browser': 'chrome', 'User Type': 'Student'}","{'Civil Rights.When': 'undefined', 'Civil Rights.What': 'undefined', 'Civil Rights.Who': 'undefined', 'Civil Rights.Where': 'undefined'}",{'Civil Rights': 'Where'},18,
trees25#CR US History#CR US History Func,4#3,True,"{'method': 'random word delete', 'subkey': '4#0'}",was the rights movemenbt?,True,"{'OS': 'Mac', 'Browser': 'chrome', 'User Type': 'Student'}","{'Civil Rights.When': 'undefined', 'Civil Rights.What': 'undefined', 'Civil Rights.Who': 'undefined', 'Civil Rights.Where': 'undefined'}",{'Civil Rights': 'Where'},18,
trees25#CR US History#CR US History Func,4#4,True,"{'method': 'synonym augmentation', 'subkey': '4#0'}",Where embody the civil right movemenbt?,True,"{'OS': 'Mac', 'Browser': 'chrome', 'User Type': 'Student'}","{'Civil Rights.When': 'undefined', 'Civil Rights.What': 'undefined', 'Civil Rights.Who': 'undefined', 'Civil Rights.Where': 'undefined'}",{'Civil Rights': 'Where'},18,
trees25#CR US History#CR US History Func,4#5,True,"{'method': 'ocr augmentation', 'subkey': '4#0'}",Wheke was the civi1 rights movemenbt?,True,"{'OS': 'Mac', 'Browser': 'chrome', 'User Type': 'Student'}","{'Civil Rights.When': 'undefined', 'Civil Rights.What': 'undefined', 'Civil Rights.Who': 'undefined', 'Civil Rights.Where': 'undefined'}",{'Civil Rights': 'Where'},18,
trees25#CR US History#CR US History Func,4#6,True,"{'method': 'keyboard augmentation', 'subkey': '4#0'}",Where was the divil #ights movemenbt?,True,"{'OS': 'Mac', 'Browser': 'chrome', 'User Type': 'Student'}","{'Civil Rights.When': 'undefined', 'Civil Rights.What': 'undefined', 'Civil Rights.Who': 'undefined', 'Civil Rights.Where': 'undefined'}",{'Civil Rights': 'Where'},18,
trees25#CR US History#CR US History Func,4#7,True,"{'method': 'random char insert', 'subkey': '4#0'}",WherBe was the civil rigbhts movemenbt?,True,"{'OS': 'Mac', 'Browser': 'chrome', 'User Type': 'Student'}","{'Civil Rights.When': 'undefined', 'Civil Rights.What': 'undefined', 'Civil Rights.Who': 'undefined', 'Civil Rights.Where': 'undefined'}",{'Civil Rights': 'Where'},18,
trees25#CR US History#CR US History Func,4#8,True,"{'method': 'random char swap', 'subkey': '4#0'}",Where was the civil rigths movemetnb?,True,"{'OS': 'Mac', 'Browser': 'chrome', 'User Type': 'Student'}","{'Civil Rights.When': 'undefined', 'Civil Rights.What': 'undefined', 'Civil Rights.Who': 'undefined', 'Civil Rights.Where': 'undefined'}",{'Civil Rights': 'Where'},18,
trees25#CR US History#CR US History Func,4#9,True,"{'method': 'random char delete', 'subkey': '4#0'}",Whre was the civil rights moemebt?,True,"{'OS': 'Mac', 'Browser': 'chrome', 'User Type': 'Student'}","{'Civil Rights.When': 'undefined', 'Civil Rights.What': 'undefined', 'Civil Rights.Who': 'undefined', 'Civil Rights.Where': 'undefined'}",{'Civil Rights': 'Where'},18,
trees25#CR US History#CR US History Func,5#0,False,,who led the civil rights movement?,False,"{'OS': 'Mac', 'Browser': 'chrome', 'User Type': 'Teacher'}","{'Civil Rights.When': 'undefined', 'Civil Rights.What': 'undefined', 'Civil Rights.Who': 'undefined', 'Civil Rights.Where': 'undefined'}",{'Civil Rights': 'Who'},19,
trees25#CR US History#CR US History Func,5#1,True,"{'method': 'random word swap', 'subkey': '5#0'}",who rights the civil led movement?,True,"{'OS': 'Mac', 'Browser': 'chrome', 'User Type': 'Teacher'}","{'Civil Rights.When': 'undefined', 'Civil Rights.What': 'undefined', 'Civil Rights.Who': 'undefined', 'Civil Rights.Where': 'undefined'}",{'Civil Rights': 'Who'},19,
trees25#CR US History#CR US History Func,5#2,True,"{'method': 'random word insert', 'subkey': '5#0'}",who led the civil civic rights movement?,True,"{'OS': 'Mac', 'Browser': 'chrome', 'User Type': 'Teacher'}","{'Civil Rights.When': 'undefined', 'Civil Rights.What': 'undefined', 'Civil Rights.Who': 'undefined', 'Civil Rights.Where': 'undefined'}",{'Civil Rights': 'Who'},19,
trees25#CR US History#CR US History Func,5#3,True,"{'method': 'random word delete', 'subkey': '5#0'}",led the rights movement?,True,"{'OS': 'Mac', 'Browser': 'chrome', 'User Type': 'Teacher'}","{'Civil Rights.When': 'undefined', 'Civil Rights.What': 'undefined', 'Civil Rights.Who': 'undefined', 'Civil Rights.Where': 'undefined'}",{'Civil Rights': 'Who'},19,
trees25#CR US History#CR US History Func,5#4,True,"{'method': 'synonym augmentation', 'subkey': '5#0'}",who run the civil right movement?,True,"{'OS': 'Mac', 'Browser': 'chrome', 'User Type': 'Teacher'}","{'Civil Rights.When': 'undefined', 'Civil Rights.What': 'undefined', 'Civil Rights.Who': 'undefined', 'Civil Rights.Where': 'undefined'}",{'Civil Rights': 'Who'},19,
trees25#CR US History#CR US History Func,5#5,True,"{'method': 'ocr augmentation', 'subkey': '5#0'}",whu led the civi1 rights movement?,True,"{'OS': 'Mac', 'Browser': 'chrome', 'User Type': 'Teacher'}","{'Civil Rights.When': 'undefined', 'Civil Rights.What': 'undefined', 'Civil Rights.Who': 'undefined', 'Civil Rights.Where': 'undefined'}",{'Civil Rights': 'Who'},19,
trees25#CR US History#CR US History Func,5#6,True,"{'method': 'keyboard augmentation', 'subkey': '5#0'}","who led the civi: rights ,ovem#nt?",True,"{'OS': 'Mac', 'Browser': 'chrome', 'User Type': 'Teacher'}","{'Civil Rights.When': 'undefined', 'Civil Rights.What': 'undefined', 'Civil Rights.Who': 'undefined', 'Civil Rights.Where': 'undefined'}",{'Civil Rights': 'Who'},19,
trees25#CR US History#CR US History Func,5#7,True,"{'method': 'random char insert', 'subkey': '5#0'}",who led the civbil rights movem^eDnt?,True,"{'OS': 'Mac', 'Browser': 'chrome', 'User Type': 'Teacher'}","{'Civil Rights.When': 'undefined', 'Civil Rights.What': 'undefined', 'Civil Rights.Who': 'undefined', 'Civil Rights.Where': 'undefined'}",{'Civil Rights': 'Who'},19,
trees25#CR US History#CR US History Func,5#8,True,"{'method': 'random char swap', 'subkey': '5#0'}",who led the icvil rights movmeetn?,True,"{'OS': 'Mac', 'Browser': 'chrome', 'User Type': 'Teacher'}","{'Civil Rights.When': 'undefined', 'Civil Rights.What': 'undefined', 'Civil Rights.Who': 'undefined', 'Civil Rights.Where': 'undefined'}",{'Civil Rights': 'Who'},19,
trees25#CR US History#CR US History Func,5#9,True,"{'method': 'random char delete', 'subkey': '5#0'}",who led the civil right ovment?,True,"{'OS': 'Mac', 'Browser': 'chrome', 'User Type': 'Teacher'}","{'Civil Rights.When': 'undefined', 'Civil Rights.What': 'undefined', 'Civil Rights.Who': 'undefined', 'Civil Rights.Where': 'undefined'}",{'Civil Rights': 'Who'},19,
trees25#CR US History#CR US History Func,6#0,False,,What sparked the civil rights movement?,False,"{'OS': 'Mac', 'Browser': 'chrome', 'User Type': 'Teacher'}","{'Civil Rights.When': 'undefined', 'Civil Rights.What': 'undefined', 'Civil Rights.Who': 'undefined', 'Civil Rights.Where': 'undefined'}",{'Civil Rights': 'What'},20,
trees25#CR US History#CR US History Func,6#1,True,"{'method': 'random word swap', 'subkey': '6#0'}",What rights the civil sparked movement?,True,"{'OS': 'Mac', 'Browser': 'chrome', 'User Type': 'Teacher'}","{'Civil Rights.When': 'undefined', 'Civil Rights.What': 'undefined', 'Civil Rights.Who': 'undefined', 'Civil Rights.Where': 'undefined'}",{'Civil Rights': 'What'},20,
trees25#CR US History#CR US History Func,6#2,True,"{'method': 'random word insert', 'subkey': '6#0'}",What sparked the civil spark off rights movement?,True,"{'OS': 'Mac', 'Browser': 'chrome', 'User Type': 'Teacher'}","{'Civil Rights.When': 'undefined', 'Civil Rights.What': 'undefined', 'Civil Rights.Who': 'undefined', 'Civil Rights.Where': 'undefined'}",{'Civil Rights': 'What'},20,
trees25#CR US History#CR US History Func,6#3,True,"{'method': 'random word delete', 'subkey': '6#0'}",sparked the rights movement?,True,"{'OS': 'Mac', 'Browser': 'chrome', 'User Type': 'Teacher'}","{'Civil Rights.When': 'undefined', 'Civil Rights.What': 'undefined', 'Civil Rights.Who': 'undefined', 'Civil Rights.Where': 'undefined'}",{'Civil Rights': 'What'},20,
trees25#CR US History#CR US History Func,6#4,True,"{'method': 'synonym augmentation', 'subkey': '6#0'}",What trigger off the civil right movement?,True,"{'OS': 'Mac', 'Browser': 'chrome', 'User Type': 'Teacher'}","{'Civil Rights.When': 'undefined', 'Civil Rights.What': 'undefined', 'Civil Rights.Who': 'undefined', 'Civil Rights.Where': 'undefined'}",{'Civil Rights': 'What'},20,
trees25#CR US History#CR US History Func,6#5,True,"{'method': 'ocr augmentation', 'subkey': '6#0'}",What sparked the civi1 rights movement?,True,"{'OS': 'Mac', 'Browser': 'chrome', 'User Type': 'Teacher'}","{'Civil Rights.When': 'undefined', 'Civil Rights.What': 'undefined', 'Civil Rights.Who': 'undefined', 'Civil Rights.Where': 'undefined'}",{'Civil Rights': 'What'},20,
trees25#CR US History#CR US History Func,6#6,True,"{'method': 'keyboard augmentation', 'subkey': '6#0'}",What sparked the c7vil riBhts movement?,True,"{'OS': 'Mac', 'Browser': 'chrome', 'User Type': 'Teacher'}","{'Civil Rights.When': 'undefined', 'Civil Rights.What': 'undefined', 'Civil Rights.Who': 'undefined', 'Civil Rights.Where': 'undefined'}",{'Civil Rights': 'What'},20,
trees25#CR US History#CR US History Func,6#7,True,"{'method': 'random char insert', 'subkey': '6#0'}",wWhat sparked the civil rights mov^emenDt?,True,"{'OS': 'Mac', 'Browser': 'chrome', 'User Type': 'Teacher'}","{'Civil Rights.When': 'undefined', 'Civil Rights.What': 'undefined', 'Civil Rights.Who': 'undefined', 'Civil Rights.Where': 'undefined'}",{'Civil Rights': 'What'},20,
trees25#CR US History#CR US History Func,6#8,True,"{'method': 'random char swap', 'subkey': '6#0'}",What spakrde the civil rights movemten?,True,"{'OS': 'Mac', 'Browser': 'chrome', 'User Type': 'Teacher'}","{'Civil Rights.When': 'undefined', 'Civil Rights.What': 'undefined', 'Civil Rights.Who': 'undefined', 'Civil Rights.Where': 'undefined'}",{'Civil Rights': 'What'},20,
trees25#CR US History#CR US History Func,6#9,True,"{'method': 'random char delete', 'subkey': '6#0'}",What sparked the civil rihts moemet?,True,"{'OS': 'Mac', 'Browser': 'chrome', 'User Type': 'Teacher'}","{'Civil Rights.When': 'undefined', 'Civil Rights.What': 'undefined', 'Civil Rights.Who': 'undefined', 'Civil Rights.Where': 'undefined'}",{'Civil Rights': 'What'},20,
trees25#CR US History#CR US History Func,7#0,False,,When did MLK make his first speech?,False,"{'OS': 'Mac', 'Browser': 'chrome', 'User Type': 'Teacher'}","{'Civil Rights.When': 'undefined', 'Civil Rights.What': 'undefined', 'Civil Rights.Who': 'undefined', 'Civil Rights.Where': 'undefined'}",{'Civil Rights': 'When'},21,
trees25#CR US History#CR US History Func,7#1,True,"{'method': 'random word swap', 'subkey': '7#0'}",When his MLK make did first speech?,True,"{'OS': 'Mac', 'Browser': 'chrome', 'User Type': 'Teacher'}","{'Civil Rights.When': 'undefined', 'Civil Rights.What': 'undefined', 'Civil Rights.Who': 'undefined', 'Civil Rights.Where': 'undefined'}",{'Civil Rights': 'When'},21,
trees25#CR US History#CR US History Func,7#2,True,"{'method': 'random word insert', 'subkey': '7#0'}",build When did MLK make his first speech?,True,"{'OS': 'Mac', 'Browser': 'chrome', 'User Type': 'Teacher'}","{'Civil Rights.When': 'undefined', 'Civil Rights.What': 'undefined', 'Civil Rights.Who': 'undefined', 'Civil Rights.Where': 'undefined'}",{'Civil Rights': 'When'},21,
trees25#CR US History#CR US History Func,7#3,True,"{'method': 'random word delete', 'subkey': '7#0'}",did MLK his first speech?,True,"{'OS': 'Mac', 'Browser': 'chrome', 'User Type': 'Teacher'}","{'Civil Rights.When': 'undefined', 'Civil Rights.What': 'undefined', 'Civil Rights.Who': 'undefined', 'Civil Rights.Where': 'undefined'}",{'Civil Rights': 'When'},21,
trees25#CR US History#CR US History Func,7#4,True,"{'method': 'synonym augmentation', 'subkey': '7#0'}",When manage MLK make his first speech communication?,True,"{'OS': 'Mac', 'Browser': 'chrome', 'User Type': 'Teacher'}","{'Civil Rights.When': 'undefined', 'Civil Rights.What': 'undefined', 'Civil Rights.Who': 'undefined', 'Civil Rights.Where': 'undefined'}",{'Civil Rights': 'When'},21,
trees25#CR US History#CR US History Func,7#5,True,"{'method': 'ocr augmentation', 'subkey': '7#0'}",When did MLK make his first 8peech?,True,"{'OS': 'Mac', 'Browser': 'chrome', 'User Type': 'Teacher'}","{'Civil Rights.When': 'undefined', 'Civil Rights.What': 'undefined', 'Civil Rights.Who': 'undefined', 'Civil Rights.Where': 'undefined'}",{'Civil Rights': 'When'},21,
trees25#CR US History#CR US History Func,7#6,True,"{'method': 'keyboard augmentation', 'subkey': '7#0'}",WheM did MLK make his f7rst speech?,True,"{'OS': 'Mac', 'Browser': 'chrome', 'User Type': 'Teacher'}","{'Civil Rights.When': 'undefined', 'Civil Rights.What': 'undefined', 'Civil Rights.Who': 'undefined', 'Civil Rights.Where': 'undefined'}",{'Civil Rights': 'When'},21,
trees25#CR US History#CR US History Func,7#7,True,"{'method': 'random char insert', 'subkey': '7#0'}",DWhen did MLK make his firsBt speech?,True,"{'OS': 'Mac', 'Browser': 'chrome', 'User Type': 'Teacher'}","{'Civil Rights.When': 'undefined', 'Civil Rights.What': 'undefined', 'Civil Rights.Who': 'undefined', 'Civil Rights.Where': 'undefined'}",{'Civil Rights': 'When'},21,
trees25#CR US History#CR US History Func,7#8,True,"{'method': 'random char swap', 'subkey': '7#0'}",Whne did MLK make his ifrst speech?,True,"{'OS': 'Mac', 'Browser': 'chrome', 'User Type': 'Teacher'}","{'Civil Rights.When': 'undefined', 'Civil Rights.What': 'undefined', 'Civil Rights.Who': 'undefined', 'Civil Rights.Where': 'undefined'}",{'Civil Rights': 'When'},21,
trees25#CR US History#CR US History Func,7#9,True,"{'method': 'random char delete', 'subkey': '7#0'}",Whn did MLK ake his first speech?,True,"{'OS': 'Mac', 'Browser': 'chrome', 'User Type': 'Teacher'}","{'Civil Rights.When': 'undefined', 'Civil Rights.What': 'undefined', 'Civil Rights.Who': 'undefined', 'Civil Rights.Where': 'undefined'}",{'Civil Rights': 'When'},21,
trees25#CR US History#CR US History Func,8#0,False,,Where did MLK make his speech?,False,"{'OS': 'Mac', 'Browser': 'chrome', 'User Type': 'Teacher'}","{'Civil Rights.When': 'undefined', 'Civil Rights.What': 'undefined', 'Civil Rights.Who': 'undefined', 'Civil Rights.Where': 'undefined'}",{'Civil Rights': 'Where'},22,
trees25#CR US History#CR US History Func,8#1,True,"{'method': 'random word swap', 'subkey': '8#0'}",Where his MLK make did speech?,True,"{'OS': 'Mac', 'Browser': 'chrome', 'User Type': 'Teacher'}","{'Civil Rights.When': 'undefined', 'Civil Rights.What': 'undefined', 'Civil Rights.Who': 'undefined', 'Civil Rights.Where': 'undefined'}",{'Civil Rights': 'Where'},22,
trees25#CR US History#CR US History Func,8#2,True,"{'method': 'random word delete', 'subkey': '8#0'}",did MLK his speech?,True,"{'OS': 'Mac', 'Browser': 'chrome', 'User Type': 'Teacher'}","{'Civil Rights.When': 'undefined', 'Civil Rights.What': 'undefined', 'Civil Rights.Who': 'undefined', 'Civil Rights.Where': 'undefined'}",{'Civil Rights': 'Where'},22,
trees25#CR US History#CR US History Func,8#3,True,"{'method': 'random word insert', 'subkey': '8#0'}",build Where did MLK make his speech?,True,"{'OS': 'Mac', 'Browser': 'chrome', 'User Type': 'Teacher'}","{'Civil Rights.When': 'undefined', 'Civil Rights.What': 'undefined', 'Civil Rights.Who': 'undefined', 'Civil Rights.Where': 'undefined'}",{'Civil Rights': 'Where'},22,
trees25#CR US History#CR US History Func,8#4,True,"{'method': 'synonym augmentation', 'subkey': '8#0'}",Where did MLK score his talking to?,True,"{'OS': 'Mac', 'Browser': 'chrome', 'User Type': 'Teacher'}","{'Civil Rights.When': 'undefined', 'Civil Rights.What': 'undefined', 'Civil Rights.Who': 'undefined', 'Civil Rights.Where': 'undefined'}",{'Civil Rights': 'Where'},22,
trees25#CR US History#CR US History Func,8#5,True,"{'method': 'ocr augmentation', 'subkey': '8#0'}",Where did MLK mare his speech?,True,"{'OS': 'Mac', 'Browser': 'chrome', 'User Type': 'Teacher'}","{'Civil Rights.When': 'undefined', 'Civil Rights.What': 'undefined', 'Civil Rights.Who': 'undefined', 'Civil Rights.Where': 'undefined'}",{'Civil Rights': 'Where'},22,
trees25#CR US History#CR US History Func,8#6,True,"{'method': 'keyboard augmentation', 'subkey': '8#0'}",Whe#e did MLK makR his speech?,True,"{'OS': 'Mac', 'Browser': 'chrome', 'User Type': 'Teacher'}","{'Civil Rights.When': 'undefined', 'Civil Rights.What': 'undefined', 'Civil Rights.Who': 'undefined', 'Civil Rights.Where': 'undefined'}",{'Civil Rights': 'Where'},22,
trees25#CR US History#CR US History Func,8#7,True,"{'method': 'random char insert', 'subkey': '8#0'}",WherNe did MLK make his spDeech?,True,"{'OS': 'Mac', 'Browser': 'chrome', 'User Type': 'Teacher'}","{'Civil Rights.When': 'undefined', 'Civil Rights.What': 'undefined', 'Civil Rights.Who': 'undefined', 'Civil Rights.Where': 'undefined'}",{'Civil Rights': 'Where'},22,
trees25#CR US History#CR US History Func,8#8,True,"{'method': 'random char swap', 'subkey': '8#0'}",Wheer did MLK make his speech?,True,"{'OS': 'Mac', 'Browser': 'chrome', 'User Type': 'Teacher'}","{'Civil Rights.When': 'undefined', 'Civil Rights.What': 'undefined', 'Civil Rights.Who': 'undefined', 'Civil Rights.Where': 'undefined'}",{'Civil Rights': 'Where'},22,
trees25#CR US History#CR US History Func,8#9,True,"{'method': 'random char delete', 'subkey': '8#0'}",Wher did MLK make his seech?,True,"{'OS': 'Mac', 'Browser': 'chrome', 'User Type': 'Teacher'}","{'Civil Rights.When': 'undefined', 'Civil Rights.What': 'undefined', 'Civil Rights.Who': 'undefined', 'Civil Rights.Where': 'undefined'}",{'Civil Rights': 'Where'},22,
trees25#CR US History#CR US History Func,9#0,False,,Who is Rosa Parks?,False,"{'OS': 'Mac', 'Browser': 'Microsoft Edge', 'User Type': 'Student'}","{'Civil Rights.When': 'undefined', 'Civil Rights.What': 'undefined', 'Civil Rights.Who': 'undefined', 'Civil Rights.Where': 'undefined'}",{'Civil Rights': 'Who'},23,
trees25#CR US History#CR US History Func,9#1,True,"{'method': 'random word swap', 'subkey': '9#0'}",is Who Rosa Parks?,True,"{'OS': 'Mac', 'Browser': 'Microsoft Edge', 'User Type': 'Student'}","{'Civil Rights.When': 'undefined', 'Civil Rights.What': 'undefined', 'Civil Rights.Who': 'undefined', 'Civil Rights.Where': 'undefined'}",{'Civil Rights': 'Who'},23,
trees25#CR US History#CR US History Func,9#2,True,"{'method': 'random word delete', 'subkey': '9#0'}",is Rosa,True,"{'OS': 'Mac', 'Browser': 'Microsoft Edge', 'User Type': 'Student'}","{'Civil Rights.When': 'undefined', 'Civil Rights.What': 'undefined', 'Civil Rights.Who': 'undefined', 'Civil Rights.Where': 'undefined'}",{'Civil Rights': 'Who'},23,
trees25#CR US History#CR US History Func,9#3,True,"{'method': 'random word insert', 'subkey': '9#0'}",who Who is Rosa Parks?,True,"{'OS': 'Mac', 'Browser': 'Microsoft Edge', 'User Type': 'Student'}","{'Civil Rights.When': 'undefined', 'Civil Rights.What': 'undefined', 'Civil Rights.Who': 'undefined', 'Civil Rights.Where': 'undefined'}",{'Civil Rights': 'Who'},23,
trees25#CR US History#CR US History Func,9#4,True,"{'method': 'synonym augmentation', 'subkey': '9#0'}",Who is Genus rosa Parks?,True,"{'OS': 'Mac', 'Browser': 'Microsoft Edge', 'User Type': 'Student'}","{'Civil Rights.When': 'undefined', 'Civil Rights.What': 'undefined', 'Civil Rights.Who': 'undefined', 'Civil Rights.Where': 'undefined'}",{'Civil Rights': 'Who'},23,
trees25#CR US History#CR US History Func,9#5,True,"{'method': 'ocr augmentation', 'subkey': '9#0'}",Who is Rosa Parrs?,True,"{'OS': 'Mac', 'Browser': 'Microsoft Edge', 'User Type': 'Student'}","{'Civil Rights.When': 'undefined', 'Civil Rights.What': 'undefined', 'Civil Rights.Who': 'undefined', 'Civil Rights.Where': 'undefined'}",{'Civil Rights': 'Who'},23,
trees25#CR US History#CR US History Func,9#6,True,"{'method': 'keyboard augmentation', 'subkey': '9#0'}",Who is Rosa PQrks?,True,"{'OS': 'Mac', 'Browser': 'Microsoft Edge', 'User Type': 'Student'}","{'Civil Rights.When': 'undefined', 'Civil Rights.What': 'undefined', 'Civil Rights.Who': 'undefined', 'Civil Rights.Where': 'undefined'}",{'Civil Rights': 'Who'},23,
trees25#CR US History#CR US History Func,9#7,True,"{'method': 'random char insert', 'subkey': '9#0'}",Who is Rosa xParks?,True,"{'OS': 'Mac', 'Browser': 'Microsoft Edge', 'User Type': 'Student'}","{'Civil Rights.When': 'undefined', 'Civil Rights.What': 'undefined', 'Civil Rights.Who': 'undefined', 'Civil Rights.Where': 'undefined'}",{'Civil Rights': 'Who'},23,
trees25#CR US History#CR US History Func,9#8,True,"{'method': 'random char swap', 'subkey': '9#0'}",Who is Rosa Parsk?,True,"{'OS': 'Mac', 'Browser': 'Microsoft Edge', 'User Type': 'Student'}","{'Civil Rights.When': 'undefined', 'Civil Rights.What': 'undefined', 'Civil Rights.Who': 'undefined', 'Civil Rights.Where': 'undefined'}",{'Civil Rights': 'Who'},23,
trees25#CR US History#CR US History Func,9#9,True,"{'method': 'random char delete', 'subkey': '9#0'}",Who is Rosa Paks?,True,"{'OS': 'Mac', 'Browser': 'Microsoft Edge', 'User Type': 'Student'}","{'Civil Rights.When': 'undefined', 'Civil Rights.What': 'undefined', 'Civil Rights.Who': 'undefined', 'Civil Rights.Where': 'undefined'}",{'Civil Rights': 'Who'},23,
